debugzxEod:debugB5Wau,initialized,0,,1572027084599
debugzxEod:debugB5Wau,window_resize,0,"[1024, 761]",1572027084599
debugzxEod:debugB5Wau,focus,2007,off,1572027086606
debugzxEod:debugB5Wau,focus,2052,on,1572027088658
debugzxEod:debugB5Wau,window_resize,109851,"[772, 761]",1572027198509
debugzxEod:debugB5Wau,window_resize,456,"[805, 761]",1572027198965
debugzxEod:debugB5Wau,focus,50484,off,1572027249449
debugzxEod:debugB5Wau,focus,1024,on,1572027250473
debugzxEod:debugB5Wau,window_resize,2263,"[948, 761]",1572027252736
debugzxEod:debugB5Wau,window_resize,234,"[613, 761]",1572027252970
debugzxEod:debugB5Wau,window_resize,791,"[772, 761]",1572027253761
debugzxEod:debugB5Wau,focus,79021,off,1572027332782
debugzxEod:debugB5Wau,focus,2613,on,1572027335395
debugzxEod:debugB5Wau,window_resize,2189,"[810, 761]",1572027337584
debugzxEod:debugB5Wau,window_resize,1210,"[907, 761]",1572027338794
debugzxEod:debugB5Wau,focus,509,off,1572027339303
debugzxEod:debugB5Wau,focus,938,on,1572027340241
debugzxEod:debugB5Wau,focus,992843,off,1572028333084
debugzxEod:debugB5Wau,focus,1667,on,1572028334751
debugzxEod:debugB5Wau,focus,112999,off,1572028447750
debugzxEod:debugB5Wau,focus,1750,on,1572028449500
debugzxEod:debugB5Wau,focus,91572,off,1572028541072
debugzxEod:debugB5Wau,focus,2029,on,1572028543101
debugzxEod:debugB5Wau,focus,562480,off,1572029105581
debugzxEod:debugB5Wau,focus,2151,on,1572029107732
debugzxEod:debugB5Wau,focus,727,off,1572029108459
debugzxEod:debugB5Wau,focus,873,on,1572029109332
debugzxEod:debugB5Wau,focus,151512,off,1572029260844
debugzxEod:debugB5Wau,focus,2060,on,1572029262904
debugzxEod:debugB5Wau,focus,156124,off,1572029419028
debugzxEod:debugB5Wau,focus,502,on,1572029419530
debugzxEod:debugB5Wau,focus,79835,off,1572029499365
debugzxEod:debugB5Wau,focus,9129,on,1572029508494
debugzxEod:debugB5Wau,focus,99489,off,1572029607983
debugzxEod:debugB5Wau,focus,1847,on,1572029609830
debugzxEod:debugB5Wau,focus,134328,off,1572029744158
debugzxEod:debugB5Wau,focus,1844,on,1572029746002
debugzxEod:debugB5Wau,focus,315812,off,1572030061814
debugzxEod:debugB5Wau,focus,1606,on,1572030063420
debugzxEod:debugB5Wau,focus,956,off,1572030064376
debugzxEod:debugB5Wau,focus,790,on,1572030065166
debugzxEod:debugB5Wau,focus,388614,off,1572030453780
debugzxEod:debugB5Wau,focus,466,on,1572030454246
debugzxEod:debugB5Wau,focus,128316,off,1572030582562
debugzxEod:debugB5Wau,focus,1956,on,1572030584518
debugzxEod:debugB5Wau,focus,216174,off,1572030800692
debugzxEod:debugB5Wau,focus,1680,on,1572030802372
debugzxEod:debugB5Wau,focus,317527,off,1572031119899
debugzxEod:debugB5Wau,focus,2507,on,1572031122406
debugzxEod:debugB5Wau,window_resize,2344512,"[762, 761]",1572033466918
debugzxEod:debugB5Wau,focus,1203704,off,1572034670622
debugzxEod:debugB5Wau,focus,739,on,1572034671361
debugzxEod:debugB5Wau,focus,356284,off,1572035027645
debugzxEod:debugB5Wau,focus,993,on,1572035028638
debugzxEod:debugB5Wau,focus,1276,off,1572035029914
debugzxEod:debugB5Wau,focus,651,on,1572035030565
debug8xgtk:debug1gos1,initialized,0,,1572035157520
debug8xgtk:debug1gos1,window_resize,0,"[1024, 761]",1572035157520
debugOGcSl:debugnyjK4,initialized,0,,1572035282012
debugOGcSl:debugnyjK4,window_resize,0,"[1024, 761]",1572035282012
debugG3jhQ:debugTuoG0,initialized,0,,1572035393258
debugG3jhQ:debugTuoG0,window_resize,0,"[1024, 761]",1572035393258
debugbmU3h:debug3ygHa,initialized,0,,1572037107442
debugbmU3h:debug3ygHa,window_resize,0,"[1024, 761]",1572037107442
debugsaSd1:debugfxCKz,initialized,0,,1572037639639
debugsaSd1:debugfxCKz,window_resize,0,"[1024, 761]",1572037639639
debugYgAAy:debug0H8Cg,initialized,0,,1572037708141
debugYgAAy:debug0H8Cg,window_resize,0,"[1024, 761]",1572037708141
debugYProJ:debug3wtgd,initialized,0,,1572037723776
debugYProJ:debug3wtgd,window_resize,0,"[1024, 761]",1572037723776
debugq1WJZ:debugch9R5,initialized,0,,1572038651209
debugq1WJZ:debugch9R5,window_resize,0,"[1024, 761]",1572038651209
debugGGBWB:debugqyELU,initialized,0,,1572060242829
debugGGBWB:debugqyELU,window_resize,0,"[1024, 761]",1572060242829
debugHRtuK:debug9xWBA,initialized,0,,1572060657419
debugHRtuK:debug9xWBA,window_resize,0,"[1024, 761]",1572060657419
debugd7eFV:debugH30EQ,initialized,0,,1572060911127
debugd7eFV:debugH30EQ,window_resize,0,"[1024, 761]",1572060911127
debugSLXXi:debugmyx9k,initialized,0,,1572311615425
debugSLXXi:debugmyx9k,window_resize,0,"[1024, 758]",1572311615425
debugSLXXi:debugmyx9k,focus,1993513,off,1572313608938
debugSLXXi:debugmyx9k,focus,1840,on,1572313610778
debugSLXXi:debugmyx9k,focus,5993167,off,1572319603945
debugSLXXi:debugmyx9k,focus,1371,on,1572319605316
debugSLXXi:debugmyx9k,focus,42761,off,1572319648077
debugSLXXi:debugmyx9k,focus,1623,on,1572319649700
debugSLXXi:debugmyx9k,focus,1311438,off,1572320961138
debugSLXXi:debugmyx9k,focus,2630,on,1572320963768
debugSLXXi:debugmyx9k,focus,604541,off,1572321568309
debugSLXXi:debugmyx9k,focus,2396,on,1572321570705
debugSLXXi:debugmyx9k,focus,17784,off,1572321588489
debugSLXXi:debugmyx9k,focus,2032,on,1572321590521
debugSLXXi:debugmyx9k,focus,4239193,off,1572325829714
debugSLXXi:debugmyx9k,focus,1652,on,1572325831366
debugSLXXi:debugmyx9k,focus,1411363,off,1572327242729
debugSLXXi:debugmyx9k,focus,25148,on,1572327267877
debugSLXXi:debugmyx9k,focus,58703,off,1572327326580
debugSLXXi:debugmyx9k,focus,1106,on,1572327327686
debugSLXXi:debugmyx9k,focus,576861,off,1572327904547
debugSLXXi:debugmyx9k,focus,826,on,1572327905373
debugSLXXi:debugmyx9k,focus,39,off,1572327905412
debugSLXXi:debugmyx9k,focus,733,on,1572327906145
debugSLXXi:debugmyx9k,focus,335634,off,1572328241779
debugSLXXi:debugmyx9k,focus,878,on,1572328242657
debugSLXXi:debugmyx9k,focus,108702,off,1572328351359
debugSLXXi:debugmyx9k,focus,1474,on,1572328352833
debugSLXXi:debugmyx9k,focus,672077,off,1572329024910
debugSLXXi:debugmyx9k,focus,1627,on,1572329026537
debugSLXXi:debugmyx9k,focus,377534,off,1572329404071
debugSLXXi:debugmyx9k,focus,2150,on,1572329406221
debugSLXXi:debugmyx9k,focus,54659,off,1572329460880
debugSLXXi:debugmyx9k,focus,2424,on,1572329463304
debugSLXXi:debugmyx9k,focus,108265,off,1572329571569
debugSLXXi:debugmyx9k,focus,1693,on,1572329573262
debugSLXXi:debugmyx9k,focus,315690,off,1572329888952
debugSLXXi:debugmyx9k,focus,1923,on,1572329890875
debugSLXXi:debugmyx9k,focus,464487,off,1572330355362
debugSLXXi:debugmyx9k,focus,1494,on,1572330356856
debugSLXXi:debugmyx9k,focus,3214,off,1572330360070
debugSLXXi:debugmyx9k,focus,4567,on,1572330364637
debugVhvGt:debugbZS5X,initialized,0,,1572330377941
debugVhvGt:debugbZS5X,window_resize,0,"[1024, 756]",1572330377941
debugVhvGt:debugbZS5X,focus,1988,off,1572330379929
debugVhvGt:debugbZS5X,focus,2117,on,1572330382046
debugVhvGt:debugbZS5X,focus,1660726,off,1572332042772
debugVhvGt:debugbZS5X,focus,903,on,1572332043675
debugVhvGt:debugbZS5X,focus,810591,off,1572332854266
debugVhvGt:debugbZS5X,focus,804,on,1572332855070
debugVhvGt:debugbZS5X,focus,132906,off,1572332987976
debugVhvGt:debugbZS5X,focus,1800,on,1572332989776
debugVhvGt:debugbZS5X,focus,33702,off,1572333023478
debugVhvGt:debugbZS5X,focus,1820,on,1572333025298
debugVhvGt:debugbZS5X,focus,152103,off,1572333177401
debugVhvGt:debugbZS5X,focus,1855,on,1572333179256
debugVhvGt:debugbZS5X,focus,46606,off,1572333225862
debugVhvGt:debugbZS5X,focus,2442,on,1572333228304
debugf3w5u:debugYyF9G,initialized,0,,1572333256992
debugf3w5u:debugYyF9G,window_resize,0,"[1024, 756]",1572333256992
debugf3w5u:debugYyF9G,focus,2070892,off,1572335327884
debugf3w5u:debugYyF9G,focus,950,on,1572335328834
debugf3w5u:debugYyF9G,focus,1352168,off,1572336681002
debugf3w5u:debugYyF9G,focus,906,on,1572336681908
debugf3w5u:debugYyF9G,focus,91,off,1572336681999
debugf3w5u:debugYyF9G,focus,141,on,1572336682140
debugf3w5u:debugYyF9G,focus,831316,off,1572337513456
debugf3w5u:debugYyF9G,focus,896,on,1572337514352
debugvdMUA:debug2iPMn,initialized,0,,1572337889445
debugvdMUA:debug2iPMn,window_resize,0,"[1024, 758]",1572337889445
debug47NtJ:debugWdsGV,initialized,0,,1572337983247
debug47NtJ:debugWdsGV,window_resize,0,"[1024, 758]",1572337983247
debug1mh1D:debugVRpFE,initialized,0,,1572338257030
debug1mh1D:debugVRpFE,window_resize,0,"[1024, 758]",1572338257030
debugvh4zr:debugAQOCC,initialized,0,,1572338726614
debugvh4zr:debugAQOCC,window_resize,1,"[1024, 758]",1572338726615
debugvh4zr:debugAQOCC,focus,1775,off,1572338728390
debugvh4zr:debugAQOCC,focus,1950,on,1572338730340
debugvh4zr:debugAQOCC,focus,3386393,off,1572342116733
debugvh4zr:debugAQOCC,focus,945,on,1572342117678
debugvh4zr:debugAQOCC,focus,977021,off,1572343094699
debugvh4zr:debugAQOCC,focus,1697,on,1572343096396
debugvh4zr:debugAQOCC,focus,106,off,1572343096502
debugvh4zr:debugAQOCC,focus,546,on,1572343097048
debugvh4zr:debugAQOCC,focus,74464,off,1572343171512
debugvh4zr:debugAQOCC,focus,2161,on,1572343173673
debugk3xJH:debugwK0uk,initialized,0,,1572343265548
debugk3xJH:debugwK0uk,window_resize,0,"[1024, 758]",1572343265548
debugk3xJH:debugwK0uk,focus,18826895,on,1572362092443
debugk3xJH:debugwK0uk,focus,24328,on,1572362116771
debugk3xJH:debugwK0uk,focus,369111,off,1572362485882
debugk3xJH:debugwK0uk,focus,3545,on,1572362489427
debugk3xJH:debugwK0uk,focus,1057346,off,1572363546773
debugk3xJH:debugwK0uk,focus,1744,on,1572363548517
debugk3xJH:debugwK0uk,focus,160433,off,1572363708950
debugk3xJH:debugwK0uk,focus,1739,on,1572363710689
debugk3xJH:debugwK0uk,focus,1297927,off,1572365008616
debugk3xJH:debugwK0uk,focus,1671,on,1572365010287
debugAmWND:debugPdIac,initialized,0,,1572365162815
debugAmWND:debugPdIac,window_resize,0,"[1024, 758]",1572365162815
debugAmWND:debugPdIac,focus,519038,on,1572365681853
debugAmWND:debugPdIac,focus,1392221,off,1572367074074
debugAmWND:debugPdIac,focus,2196,on,1572367076270
debugAmWND:debugPdIac,focus,10763647,off,1572377839917
debugAmWND:debugPdIac,focus,2220,on,1572377842137
debug1ZAeg:debugxiHy4,initialized,0,,1572398809596
debug1ZAeg:debugxiHy4,window_resize,0,"[1024, 756]",1572398809596
debugAt1lf:debugsZxAx,initialized,0,,1572399050205
debugAt1lf:debugsZxAx,window_resize,0,"[1024, 756]",1572399050205
debugAt1lf:debugsZxAx,focus,2118,off,1572399052323
debugAt1lf:debugsZxAx,focus,2068,on,1572399054391
debugAt1lf:debugsZxAx,focus,1808,off,1572399056199
debugAt1lf:debugsZxAx,focus,1589,on,1572399057788
debugAt1lf:debugsZxAx,focus,82743,off,1572399140531
debugAt1lf:debugsZxAx,focus,1620,on,1572399142151
debugAt1lf:debugsZxAx,focus,107028,off,1572399249179
debugAt1lf:debugsZxAx,focus,871,on,1572399250050
debugAt1lf:debugsZxAx,focus,71977,off,1572399322027
debugAt1lf:debugsZxAx,focus,1397,on,1572399323424
debugAt1lf:debugsZxAx,focus,339364,off,1572399662788
debugAt1lf:debugsZxAx,focus,1633,on,1572399664421
debug3q3oD:debugmU2Le,initialized,0,,1572400003784
debug3q3oD:debugmU2Le,window_resize,0,"[1024, 756]",1572400003784
debug3q3oD:debugmU2Le,focus,68035,off,1572400071819
debug3q3oD:debugmU2Le,focus,1735,on,1572400073554
debugxZHik:debugOcpEs,initialized,0,,1572400185593
debugxZHik:debugOcpEs,window_resize,0,"[1024, 756]",1572400185593
debugxZHik:debugOcpEs,focus,4448761,off,1572404634354
debugxZHik:debugOcpEs,focus,1440,on,1572404635794
debugxZHik:debugOcpEs,focus,1262424,off,1572405898218
debugxZHik:debugOcpEs,focus,1118,on,1572405899336
debugxZHik:debugOcpEs,focus,559064,off,1572406458400
debugxZHik:debugOcpEs,focus,540,on,1572406458940
debugxZHik:debugOcpEs,focus,144,off,1572406459084
debugxZHik:debugOcpEs,focus,230,on,1572406459314
debugxZHik:debugOcpEs,focus,92140365,off,1572498599679
debugxZHik:debugOcpEs,focus,1899,on,1572498601578
debugxZHik:debugOcpEs,focus,479615,off,1572499081193
debugxZHik:debugOcpEs,focus,1275,on,1572499082468
debugxZHik:debugOcpEs,focus,1650982,off,1572500733450
debugxZHik:debugOcpEs,focus,2017,on,1572500735467
debugxZHik:debugOcpEs,focus,137490,off,1572500872957
debugxZHik:debugOcpEs,focus,1115,on,1572500874072
debugxZHik:debugOcpEs,focus,1543507,off,1572502417579
debugxZHik:debugOcpEs,focus,1638,on,1572502419217
debugxZHik:debugOcpEs,focus,1572601,off,1572503991818
debugxZHik:debugOcpEs,focus,711,on,1572503992529
debugxZHik:debugOcpEs,focus,230106,off,1572504222635
debugxZHik:debugOcpEs,focus,1937,on,1572504224572
debugxZHik:debugOcpEs,focus,93846,off,1572504318418
debugxZHik:debugOcpEs,focus,2029,on,1572504320447
debugxZHik:debugOcpEs,focus,1384654,off,1572505705101
debugxZHik:debugOcpEs,focus,2253,on,1572505707354
debugxZHik:debugOcpEs,focus,87500,off,1572505794854
debugxZHik:debugOcpEs,focus,3820,on,1572505798674
debugxZHik:debugOcpEs,focus,966995,off,1572506765669
debugxZHik:debugOcpEs,focus,1905,on,1572506767574
debugxZHik:debugOcpEs,focus,846240,off,1572507613814
debugxZHik:debugOcpEs,focus,921,on,1572507614735
debugxZHik:debugOcpEs,focus,102,off,1572507614837
debugxZHik:debugOcpEs,focus,1155,on,1572507615992
debugxZHik:debugOcpEs,focus,1685756,off,1572509301748
debugxZHik:debugOcpEs,focus,1312,on,1572509303060
debugxZHik:debugOcpEs,focus,15155851,on,1572524458911
debugxZHik:debugOcpEs,focus,43964262,on,1572568423173
debugxZHik:debugOcpEs,focus,71884066,off,1572640307239
debugxZHik:debugOcpEs,focus,1996,on,1572640309235
debugxZHik:debugOcpEs,focus,1498,off,1572640310733
debugxZHik:debugOcpEs,focus,784,on,1572640311517
debugxZHik:debugOcpEs,focus,4155231,off,1572644466748
debugxZHik:debugOcpEs,focus,9147,on,1572644475895
debugxZHik:debugOcpEs,focus,249236675,off,1572893712570
debugxZHik:debugOcpEs,focus,592,on,1572893713162
debug2n28V:debugeIz3q,initialized,0,,1572903193114
debug2n28V:debugeIz3q,window_resize,0,"[1024, 761]",1572903193114
debug2n28V:debugeIz3q,focus,4230558,off,1572907423672
debug2n28V:debugeIz3q,focus,1313,on,1572907424985
debug2n28V:debugeIz3q,focus,684101,off,1572908109086
debug2n28V:debugeIz3q,focus,1837,on,1572908110923
debug2n28V:debugeIz3q,focus,5497,off,1572908116420
debug2n28V:debugeIz3q,focus,44817,on,1572908161237
debug2n28V:debugeIz3q,focus,329036,off,1572908490273
debug2n28V:debugeIz3q,focus,1958,on,1572908492231
debug2n28V:debugeIz3q,focus,228012,off,1572908720243
debug2n28V:debugeIz3q,focus,7009,on,1572908727252
debug2n28V:debugeIz3q,focus,973989,off,1572909701241
debug2n28V:debugeIz3q,focus,1671,on,1572909702912
debug2n28V:debugeIz3q,focus,6046273,off,1572915749185
debug2n28V:debugeIz3q,focus,1821,on,1572915751006
debug2n28V:debugeIz3q,focus,84437,off,1572915835443
debug2n28V:debugeIz3q,focus,2395,on,1572915837838
debug2n28V:debugeIz3q,focus,11268843,off,1572927106681
debug2n28V:debugeIz3q,focus,2172,on,1572927108853
debug2n28V:debugeIz3q,focus,870661,off,1572927979514
debug2n28V:debugeIz3q,focus,1810,on,1572927981324
debug2n28V:debugeIz3q,focus,3169,off,1572927984493
debug2n28V:debugeIz3q,focus,4449,on,1572927988942
debug2n28V:debugeIz3q,focus,749902,off,1572928738844
debug2n28V:debugeIz3q,focus,20742,on,1572928759586
debug2n28V:debugeIz3q,focus,16389,off,1572928775975
debug2n28V:debugeIz3q,focus,10690,on,1572928786665
debug2n28V:debugeIz3q,focus,5016,off,1572928791681
debug2n28V:debugeIz3q,focus,12699,on,1572928804380
debug2n28V:debugeIz3q,window_resize,1821,"[766, 761]",1572928806201
debug2n28V:debugeIz3q,window_resize,335,"[757, 761]",1572928806536
debug2n28V:debugeIz3q,window_resize,556,"[759, 761]",1572928807092
debug2n28V:debugeIz3q,focus,396778,off,1572929203870
debug2n28V:debugeIz3q,focus,1520,on,1572929205390
debug2n28V:debugeIz3q,focus,1196,off,1572929206586
debug2n28V:debugeIz3q,focus,10579,on,1572929217165
debug2n28V:debugeIz3q,focus,2915,off,1572929220080
debug2n28V:debugeIz3q,focus,7290,on,1572929227370
debug2n28V:debugeIz3q,focus,336121,off,1572929563491
debug2n28V:debugeIz3q,focus,5672,on,1572929569163
debug2n28V:debugeIz3q,focus,63287,off,1572929632450
debug2n28V:debugeIz3q,focus,3162,on,1572929635612
debug2n28V:debugeIz3q,focus,30794,off,1572929666406
debug2n28V:debugeIz3q,focus,2145,on,1572929668551
debug2n28V:debugeIz3q,focus,1487227,off,1572931155778
debug2n28V:debugeIz3q,focus,231481,on,1572931387259
debug2n28V:debugeIz3q,focus,150963,off,1572931538222
debug2n28V:debugeIz3q,focus,1852,on,1572931540074
debug2n28V:debugeIz3q,focus,46643463,off,1572978183537
debug2n28V:debugeIz3q,focus,5129,on,1572978188666
debug2n28V:debugeIz3q,focus,274030179,off,1573252218845
debug2n28V:debugeIz3q,focus,1639,on,1573252220484
debug2n28V:debugeIz3q,focus,22998282,off,1573275218766
debug2n28V:debugeIz3q,focus,1437,on,1573275220203
debug2n28V:debugeIz3q,focus,412843,off,1573275633046
debug2n28V:debugeIz3q,focus,1759,on,1573275634805
debug2n28V:debugeIz3q,focus,153865,off,1573275788670
debug2n28V:debugeIz3q,focus,3924,on,1573275792594
debug2n28V:debugeIz3q,focus,1852,off,1573275794446
debug2n28V:debugeIz3q,focus,2393,on,1573275796839
debug2n28V:debugeIz3q,focus,133147,off,1573275929986
debug2n28V:debugeIz3q,focus,2322,on,1573275932308
debug2n28V:debugeIz3q,focus,1132302,off,1573277064610
debug2n28V:debugeIz3q,focus,872,on,1573277065482
debug2n28V:debugeIz3q,focus,2073613,on,1573279139095
debug2n28V:debugeIz3q,focus,1215034,on,1573280354129
debug2n28V:debugeIz3q,focus,2477032,on,1573282831161
debug2n28V:debugeIz3q,focus,621120,off,1573283452281
debug2n28V:debugeIz3q,focus,1151,on,1573283453432
debug2n28V:debugeIz3q,focus,15,off,1573283453447
debug2n28V:debugeIz3q,focus,742,on,1573283454189
debugRxtVM:debugdBQmG,initialized,0,,1573284796618
debugRxtVM:debugdBQmG,window_resize,0,"[1024, 764]",1573284796618
debugRxtVM:debugdBQmG,focus,2906,off,1573284799524
debugRxtVM:debugdBQmG,focus,720,on,1573284800244
debugRxtVM:debugdBQmG,focus,480,off,1573284800724
debugRxtVM:debugdBQmG,focus,627,on,1573284801351
debugRxtVM:debugdBQmG,focus,51149701,off,1573335951052
debugRxtVM:debugdBQmG,focus,5014,on,1573335956066
debugRxtVM:debugdBQmG,focus,566606,off,1573336522672
debugRxtVM:debugdBQmG,focus,2372,on,1573336525044
debugRxtVM:debugdBQmG,window_resize,9946101,"[833, 764]",1573346471145
debugRxtVM:debugdBQmG,focus,422298,off,1573346893443
debugRxtVM:debugdBQmG,focus,826,on,1573346894269
debugRxtVM:debugdBQmG,focus,447,off,1573346894716
debugRxtVM:debugdBQmG,focus,703,on,1573346895419
debugdHYFX:debugpOtJv,initialized,0,,1573347327235
debugdHYFX:debugpOtJv,window_resize,0,"[1024, 764]",1573347327235
debugdHYFX:debugpOtJv,focus,8846247,off,1573356173482
debugdHYFX:debugpOtJv,focus,1307,on,1573356174789
debugdHYFX:debugpOtJv,focus,123846,off,1573356298635
debugdHYFX:debugpOtJv,focus,13779,on,1573356312414
debugdHYFX:debugpOtJv,focus,22898,off,1573356335312
debugdHYFX:debugpOtJv,focus,64158,on,1573356399470
debugdHYFX:debugpOtJv,focus,28481,off,1573356427951
debugdHYFX:debugpOtJv,focus,40653,on,1573356468604
debugdHYFX:debugpOtJv,focus,44709,off,1573356513313
debugdHYFX:debugpOtJv,focus,5784,on,1573356519097
debugsof42:debuggYfKO,initialized,0,,1573497204229
debugsof42:debuggYfKO,window_resize,1,"[1024, 758]",1573497204230
debugsof42:debuggYfKO,focus,22295967,off,1573519500197
debugsof42:debuggYfKO,focus,1473,on,1573519501670
debugsof42:debuggYfKO,focus,199884,on,1573519701554
debugsof42:debuggYfKO,focus,8635749,off,1573528337303
debugsof42:debuggYfKO,focus,907,on,1573528338210
debugsof42:debuggYfKO,focus,3400,off,1573528341610
debugsof42:debuggYfKO,focus,1613,on,1573528343223
debugsof42:debuggYfKO,focus,7369,off,1573528350592
debugsof42:debuggYfKO,focus,6560,on,1573528357152
debugsof42:debuggYfKO,focus,2002500,off,1573530359652
debugsof42:debuggYfKO,focus,814,on,1573530360466
debugsof42:debuggYfKO,focus,599996,off,1573530960462
debugsof42:debuggYfKO,focus,28850,on,1573530989312
debugsof42:debuggYfKO,window_resize,12690,"[853, 758]",1573531002002
debugsof42:debuggYfKO,window_resize,269,"[859, 758]",1573531002271
debugsof42:debuggYfKO,focus,394833,off,1573531397104
debugsof42:debuggYfKO,focus,336710,on,1573531733814
debug0SDUh:debugryM4P,initialized,0,,1573682867774
debug0SDUh:debugryM4P,window_resize,0,"[859, 762]",1573682867774
debugGsRX1:debugVJHdx,initialized,0,,1574105017527
debugGsRX1:debugVJHdx,window_resize,0,"[1024, 761]",1574105017527
debugGsRX1:debugVJHdx,focus,382620,off,1574105400147
debugGsRX1:debugVJHdx,focus,556,on,1574105400703
debugGsRX1:debugVJHdx,focus,3295,off,1574105403998
debugGsRX1:debugVJHdx,focus,17169,on,1574105421167
debugGsRX1:debugVJHdx,focus,1627,off,1574105422794
debugGsRX1:debugVJHdx,focus,1788,on,1574105424582
debugGsRX1:debugVJHdx,focus,1400,off,1574105425982
debugGsRX1:debugVJHdx,focus,52526,on,1574105478508
debugGsRX1:debugVJHdx,focus,1617,off,1574105480125
debugGsRX1:debugVJHdx,focus,50724,on,1574105530849
debugGsRX1:debugVJHdx,focus,2627,off,1574105533476
debugGsRX1:debugVJHdx,focus,40322,on,1574105573798
debugGsRX1:debugVJHdx,focus,4292,off,1574105578090
debugGsRX1:debugVJHdx,focus,31098,on,1574105609188
debugGsRX1:debugVJHdx,focus,234762,off,1574105843950
debugGsRX1:debugVJHdx,focus,692,on,1574105844642
debugGsRX1:debugVJHdx,focus,143,off,1574105844785
debugGsRX1:debugVJHdx,focus,636,on,1574105845421
debugGsRX1:debugVJHdx,focus,3101,off,1574105848522
debugGsRX1:debugVJHdx,focus,78332,on,1574105926854
debugGsRX1:debugVJHdx,focus,4676,off,1574105931530
debugGsRX1:debugVJHdx,focus,72845,on,1574106004375
debugGsRX1:debugVJHdx,focus,2495,off,1574106006870
debugGsRX1:debugVJHdx,focus,21249,on,1574106028119
debugGsRX1:debugVJHdx,focus,357035,off,1574106385154
debugGsRX1:debugVJHdx,focus,259315,on,1574106644469
debugGsRX1:debugVJHdx,focus,579489,off,1574107223958
debugGsRX1:debugVJHdx,focus,1362,on,1574107225320
debugGsRX1:debugVJHdx,focus,9845,off,1574107235165
debugGsRX1:debugVJHdx,focus,123149,on,1574107358314
debugGsRX1:debugVJHdx,focus,1021,off,1574107359335
debugGsRX1:debugVJHdx,focus,33759,on,1574107393094
debugGsRX1:debugVJHdx,focus,1530,off,1574107394624
debugGsRX1:debugVJHdx,focus,6129,on,1574107400753
debugGsRX1:debugVJHdx,focus,2358,off,1574107403111
debugGsRX1:debugVJHdx,focus,1943,on,1574107405054
debugGsRX1:debugVJHdx,focus,7443,off,1574107412497
debugGsRX1:debugVJHdx,focus,19512,on,1574107432009
debugGsRX1:debugVJHdx,focus,1130097,off,1574108562106
debugGsRX1:debugVJHdx,focus,1205,on,1574108563311
debugGsRX1:debugVJHdx,focus,0,off,1574108563311
debugGsRX1:debugVJHdx,window_resize,2417,"[855, 761]",1574108565728
debugGsRX1:debugVJHdx,window_resize,472,"[875, 761]",1574108566200
debugGsRX1:debugVJHdx,window_resize,33419,"[895, 761]",1574108599619
debugGsRX1:debugVJHdx,focus,115627,on,1574108715246
debugGsRX1:debugVJHdx,focus,724461,on,1574109439707
debugGsRX1:debugVJHdx,focus,1530,off,1574109441237
debugGsRX1:debugVJHdx,focus,156185,on,1574109597422
debugGsRX1:debugVJHdx,focus,1630,off,1574109599052
debugGsRX1:debugVJHdx,focus,16396,on,1574109615448
debugGsRX1:debugVJHdx,window_resize,2978,"[949, 761]",1574109618426
debugGsRX1:debugVJHdx,window_resize,312,"[950, 761]",1574109618738
debugGsRX1:debugVJHdx,focus,474,off,1574109619212
debugGsRX1:debugVJHdx,focus,34443,on,1574109653655
debugGsRX1:debugVJHdx,focus,624341,off,1574110277996
debugGsRX1:debugVJHdx,focus,1565,on,1574110279561
debugGsRX1:debugVJHdx,focus,80409,off,1574110359970
debugGsRX1:debugVJHdx,focus,129208,on,1574110489178
debugGsRX1:debugVJHdx,focus,668585,off,1574111157763
debugGsRX1:debugVJHdx,focus,74411,on,1574111232174
debugGsRX1:debugVJHdx,focus,2429,off,1574111234603
debugGsRX1:debugVJHdx,focus,46194,on,1574111280797
debugGsRX1:debugVJHdx,focus,1087,off,1574111281884
debugGsRX1:debugVJHdx,focus,88300,on,1574111370184
debugGsRX1:debugVJHdx,focus,1133546,off,1574112503730
debugGsRX1:debugVJHdx,focus,112416,on,1574112616146
debugGsRX1:debugVJHdx,focus,2509,off,1574112618655
debugGsRX1:debugVJHdx,focus,313,on,1574112618968
debugGsRX1:debugVJHdx,focus,7662,off,1574112626630
debugGsRX1:debugVJHdx,focus,6794,on,1574112633424
debug6D1An:debugXrrLx,initialized,0,,1574113735329
debug6D1An:debugXrrLx,window_resize,0,"[1024, 761]",1574113735329
debug6D1An:debugXrrLx,focus,2568,off,1574113737897
debug6D1An:debugXrrLx,focus,139152,on,1574113877049
debug6D1An:debugXrrLx,focus,4360,off,1574113881409
debug6D1An:debugXrrLx,focus,68377,on,1574113949786
debug6D1An:debugXrrLx,focus,2472,off,1574113952258
debug6D1An:debugXrrLx,focus,74592,on,1574114026850
debug6D1An:debugXrrLx,focus,1442,off,1574114028292
debug6D1An:debugXrrLx,focus,266623,on,1574114294915
debug6D1An:debugXrrLx,focus,1247631,off,1574115542546
debug6D1An:debugXrrLx,focus,19851,on,1574115562397
debug6D1An:debugXrrLx,focus,213371,off,1574115775768
debug6D1An:debugXrrLx,focus,587,on,1574115776355
debug4jzwU:debugA4oAw,initialized,0,,1574133676414
debug4jzwU:debugA4oAw,window_resize,0,"[1024, 761]",1574133676414
debug4jzwU:debugA4oAw,focus,72111,off,1574133748525
debug4jzwU:debugA4oAw,focus,2949,on,1574133751474
debug4jzwU:debugA4oAw,focus,7425,off,1574133758899
debug4jzwU:debugA4oAw,focus,196904,on,1574133955803
debug4jzwU:debugA4oAw,focus,7776,off,1574133963579
debug4jzwU:debugA4oAw,focus,961,on,1574133964540
debug4jzwU:debugA4oAw,focus,1613,off,1574133966153
debug4jzwU:debugA4oAw,focus,1520,on,1574133967673
debug4jzwU:debugA4oAw,focus,35024,off,1574134002697
debug4jzwU:debugA4oAw,focus,992,on,1574134003689
debug4jzwU:debugA4oAw,focus,138757,off,1574134142446
debug4jzwU:debugA4oAw,focus,1537,on,1574134143983
debug4jzwU:debugA4oAw,focus,3117,off,1574134147100
debug4jzwU:debugA4oAw,focus,18850,on,1574134165950
debug4jzwU:debugA4oAw,focus,20492,off,1574134186442
debug4jzwU:debugA4oAw,focus,46704,on,1574134233146
debug4jzwU:debugA4oAw,focus,6076,off,1574134239222
debug4jzwU:debugA4oAw,focus,4926,on,1574134244148
debugfhdFz:debugYoyUE,initialized,0,,1574152014684
debugfhdFz:debugYoyUE,window_resize,0,"[1024, 756]",1574152014684
debugfhdFz:debugYoyUE,focus,4581,off,1574152019265
debugfhdFz:debugYoyUE,focus,1517,on,1574152020782
debugfhdFz:debugYoyUE,focus,90880,off,1574152111662
debugfhdFz:debugYoyUE,focus,75750,on,1574152187412
debugfhdFz:debugYoyUE,focus,31112,off,1574152218524
debugfhdFz:debugYoyUE,focus,15404,on,1574152233928
debugfhdFz:debugYoyUE,focus,326297,off,1574152560225
debugfhdFz:debugYoyUE,focus,971,on,1574152561196
debugfhdFz:debugYoyUE,focus,137260,off,1574152698456
debugfhdFz:debugYoyUE,focus,48049,on,1574152746505
debugfhdFz:debugYoyUE,focus,176326,off,1574152922831
debugfhdFz:debugYoyUE,focus,14894,on,1574152937725
debugfhdFz:debugYoyUE,focus,101570,off,1574153039295
debugfhdFz:debugYoyUE,focus,87759,on,1574153127054
debugaQCLy:debug1GudL,initialized,0,,1574153140001
debugaQCLy:debug1GudL,window_resize,1,"[1024, 756]",1574153140002
debugaQCLy:debug1GudL,focus,1983,off,1574153141985
debugaQCLy:debug1GudL,focus,2914,on,1574153144899
debugaQCLy:debug1GudL,focus,904,off,1574153145803
debugaQCLy:debug1GudL,focus,792,on,1574153146595
debugaQCLy:debug1GudL,window_resize,2224,"[961, 756]",1574153148819
debugaQCLy:debug1GudL,focus,2206,off,1574153151025
debugaQCLy:debug1GudL,focus,1855,on,1574153152880
debugjJWZV:debug7JjuY,initialized,0,,1574153828287
debugjJWZV:debug7JjuY,window_resize,0,"[1024, 756]",1574153828287
debugjJWZV:debug7JjuY,focus,180991,off,1574154009278
debugjJWZV:debug7JjuY,focus,34166,on,1574154043444
debugjJWZV:debug7JjuY,focus,529386,off,1574154572830
debugjJWZV:debug7JjuY,focus,488899,on,1574155061729
debugjJWZV:debug7JjuY,focus,281143,off,1574155342872
debugjJWZV:debug7JjuY,focus,66744,on,1574155409616
debugjJWZV:debug7JjuY,focus,26225198,off,1574181634814
debugjJWZV:debug7JjuY,focus,16216,on,1574181651030
debugjJWZV:debug7JjuY,window_resize,50763,"[773, 585]",1574181701793
debugjJWZV:debug7JjuY,focus,292,off,1574181702085
debugjJWZV:debug7JjuY,focus,28934,on,1574181731019
debugN4iId:debuglyohR,initialized,0,,1574558980774
debugN4iId:debuglyohR,window_resize,0,"[1024, 764]",1574558980774
debugN4iId:debuglyohR,focus,249124,on,1574559229898
debugN4iId:debuglyohR,focus,130545,off,1574559360443
debugN4iId:debuglyohR,focus,650,on,1574559361093
debugN4iId:debuglyohR,focus,599497,off,1574559960590
debugN4iId:debuglyohR,focus,30367,on,1574559990957
debugN4iId:debuglyohR,focus,99694,off,1574560090651
debugN4iId:debuglyohR,focus,106623,on,1574560197274
debugN4iId:debuglyohR,window_resize,3704,"[972, 596]",1574560200978
debugN4iId:debuglyohR,window_resize,4693,"[972, 704]",1574560205671
debugN4iId:debuglyohR,window_resize,430,"[972, 736]",1574560206101
debugN4iId:debuglyohR,window_resize,264,"[972, 736]",1574560206365
debugN4iId:debuglyohR,focus,21321,off,1574560227686
debugN4iId:debuglyohR,focus,33170,on,1574560260856
debugN4iId:debuglyohR,window_resize,2152,"[972, 422]",1574560263008
debugN4iId:debuglyohR,window_resize,372,"[972, 421]",1574560263380
debugN4iId:debuglyohR,window_resize,317,"[972, 409]",1574560263697
debugN4iId:debuglyohR,window_resize,986,"[972, 744]",1574560264683
debugN4iId:debuglyohR,window_resize,432,"[972, 763]",1574560265115
debugN4iId:debuglyohR,window_resize,285,"[972, 636]",1574560265400
debugN4iId:debuglyohR,window_resize,769,"[972, 763]",1574560266169
debugN4iId:debuglyohR,window_resize,729,"[972, 542]",1574560266898
debugN4iId:debuglyohR,window_resize,1050,"[972, 338]",1574560267948
debugN4iId:debuglyohR,window_resize,837,"[972, 355]",1574560268785
debugN4iId:debuglyohR,window_resize,279,"[972, 355]",1574560269064
debugN4iId:debuglyohR,window_resize,1246,"[972, 743]",1574560270310
debugN4iId:debuglyohR,window_resize,271,"[972, 743]",1574560270581
debugN4iId:debuglyohR,window_resize,1010,"[972, 677]",1574560271591
debugN4iId:debuglyohR,window_resize,273,"[972, 524]",1574560271864
debugN4iId:debuglyohR,window_resize,304,"[972, 524]",1574560272168
debugN4iId:debuglyohR,window_resize,333,"[972, 526]",1574560272501
debugN4iId:debuglyohR,window_resize,2645,"[972, 674]",1574560275146
debugN4iId:debuglyohR,window_resize,385,"[972, 688]",1574560275531
debugN4iId:debuglyohR,focus,3689,off,1574560279220
debugN4iId:debuglyohR,focus,3251,on,1574560282471
debugN4iId:debuglyohR,window_resize,16232,"[972, 712]",1574560298703
debugN4iId:debuglyohR,focus,10124,off,1574560308827
debugN4iId:debuglyohR,focus,176989,on,1574560485816
debugN4iId:debuglyohR,focus,2341,off,1574560488157
debugN4iId:debuglyohR,focus,116245,on,1574560604402
debugN4iId:debuglyohR,focus,367884,on,1574560972286
debugN4iId:debuglyohR,focus,358600,off,1574561330886
debugN4iId:debuglyohR,focus,667,on,1574561331553
debugN4iId:debuglyohR,focus,527930,off,1574561859483
debugN4iId:debuglyohR,focus,585,on,1574561860068
debugN4iId:debuglyohR,focus,58265,on,1574561918333
debugN4iId:debuglyohR,focus,41678,off,1574561960011
debugN4iId:debuglyohR,focus,562,on,1574561960573
debugN4iId:debuglyohR,focus,105251,off,1574562065824
debugN4iId:debuglyohR,focus,519,on,1574562066343
debugN4iId:debuglyohR,focus,160348,off,1574562226691
debugN4iId:debuglyohR,focus,441,on,1574562227132
debugN4iId:debuglyohR,focus,71380,off,1574562298512
debugN4iId:debuglyohR,focus,447,on,1574562298959
debugN4iId:debuglyohR,focus,66467,off,1574562365426
debugN4iId:debuglyohR,focus,546,on,1574562365972
debugN4iId:debuglyohR,focus,75241,off,1574562441213
debugN4iId:debuglyohR,focus,524,on,1574562441737
debugN4iId:debuglyohR,focus,55087,off,1574562496824
debugN4iId:debuglyohR,focus,483,on,1574562497307
debugN4iId:debuglyohR,focus,107335,off,1574562604642
debugN4iId:debuglyohR,focus,480,on,1574562605122
debugN4iId:debuglyohR,focus,37013,off,1574562642135
debugN4iId:debuglyohR,focus,752,on,1574562642887
debugN4iId:debuglyohR,focus,329807,on,1574562972694
debugN4iId:debuglyohR,focus,85311,off,1574563058005
debugN4iId:debuglyohR,focus,781,on,1574563058786
debugN4iId:debuglyohR,focus,324911,off,1574563383697
debugN4iId:debuglyohR,focus,479,on,1574563384176
debugKQVJN:debugkjnJl,initialized,0,,1574563533334
debugKQVJN:debugkjnJl,window_resize,0,"[1024, 764]",1574563533334
debugKQVJN:debugkjnJl,focus,284806,off,1574563818140
debugKQVJN:debugkjnJl,focus,479,on,1574563818619
debugNlLHU:debugyhYE8,initialized,0,,1574563945003
debugNlLHU:debugyhYE8,window_resize,0,"[1024, 764]",1574563945003
debugNlLHU:debugyhYE8,focus,1006,on,1574563946009
debugNlLHU:debugyhYE8,focus,260832,off,1574564206841
debugNlLHU:debugyhYE8,focus,418,on,1574564207259
debugNlLHU:debugyhYE8,focus,109068,on,1574564316327
debugNlLHU:debugyhYE8,focus,1091411,off,1574565407738
debugNlLHU:debugyhYE8,focus,654,on,1574565408392
debugNlLHU:debugyhYE8,focus,2077766,off,1574567486158
debugNlLHU:debugyhYE8,focus,124,on,1574567486282
debugNlLHU:debugyhYE8,focus,187,off,1574567486469
debugNlLHU:debugyhYE8,focus,591,on,1574567487060
debugNlLHU:debugyhYE8,focus,256878,off,1574567743938
debugNlLHU:debugyhYE8,focus,300,on,1574567744238
debugNlLHU:debugyhYE8,focus,21,off,1574567744259
debugNlLHU:debugyhYE8,focus,396,on,1574567744655
debugNlLHU:debugyhYE8,focus,224,off,1574567744879
debugNlLHU:debugyhYE8,focus,507,on,1574567745386
debugo8YkI:debugsUrkq,initialized,0,,1574568992431
debugo8YkI:debugsUrkq,window_resize,0,"[1024, 764]",1574568992431
debugqOQml:debug6LDJj,initialized,0,,1574569457253
debugqOQml:debug6LDJj,window_resize,0,"[1024, 764]",1574569457253
debugqOQml:debug6LDJj,focus,282,on,1574569457535
debugxka9R:debugBt6dg,initialized,0,,1574569746186
debugxka9R:debugBt6dg,window_resize,0,"[1024, 764]",1574569746186
debugxka9R:debugBt6dg,focus,143,off,1574569746329
debugxka9R:debugBt6dg,focus,1053,on,1574569747382
debugxka9R:debugBt6dg,focus,18320,off,1574569765702
debugxka9R:debugBt6dg,focus,6153,on,1574569771855
debugxka9R:debugBt6dg,focus,28605,off,1574569800460
debugxka9R:debugBt6dg,focus,8207,on,1574569808667
debugxka9R:debugBt6dg,focus,7314,off,1574569815981
debugxka9R:debugBt6dg,focus,59173,on,1574569875154
debugxka9R:debugBt6dg,focus,1336836,off,1574571211990
debugxka9R:debugBt6dg,focus,776,on,1574571212766
debugxka9R:debugBt6dg,focus,38870,off,1574571251636
debugxka9R:debugBt6dg,focus,8378,on,1574571260014
debugxka9R:debugBt6dg,focus,2597,off,1574571262611
debugxka9R:debugBt6dg,focus,6133,on,1574571268744
debugxka9R:debugBt6dg,focus,957,off,1574571269701
debugxka9R:debugBt6dg,focus,49262,on,1574571318963
debugxka9R:debugBt6dg,focus,111855,off,1574571430818
debugxka9R:debugBt6dg,focus,14727,on,1574571445545
debugxka9R:debugBt6dg,focus,9101,off,1574571454646
debugxka9R:debugBt6dg,focus,7201,on,1574571461847
debugxka9R:debugBt6dg,window_resize,109466,"[1007, 764]",1574571571313
debugxka9R:debugBt6dg,focus,7410,off,1574571578723
debugxka9R:debugBt6dg,focus,25492,on,1574571604215
debugxka9R:debugBt6dg,focus,12711,off,1574571616926
debugxka9R:debugBt6dg,focus,177143,on,1574571794069
debugxka9R:debugBt6dg,focus,8468,off,1574571802537
debugxka9R:debugBt6dg,focus,27875,on,1574571830412
debugxka9R:debugBt6dg,focus,410282,off,1574572240694
debugxka9R:debugBt6dg,focus,1351,on,1574572242045
debugxka9R:debugBt6dg,focus,6768,off,1574572248813
debugxka9R:debugBt6dg,focus,63058,on,1574572311871
debugxka9R:debugBt6dg,window_resize,2290,"[943, 764]",1574572314161
debugxka9R:debugBt6dg,window_resize,494,"[944, 764]",1574572314655
debugxka9R:debugBt6dg,focus,336263,off,1574572650918
debugxka9R:debugBt6dg,focus,79208,on,1574572730126
debugxka9R:debugBt6dg,focus,14799,off,1574572744925
debugxka9R:debugBt6dg,focus,358018,on,1574573102943
debugxka9R:debugBt6dg,focus,495516,off,1574573598459
debugxka9R:debugBt6dg,focus,3202,on,1574573601661
debugxka9R:debugBt6dg,window_resize,2298,"[813, 764]",1574573603959
debugxka9R:debugBt6dg,window_resize,247,"[814, 764]",1574573604206
debugxka9R:debugBt6dg,focus,1788,off,1574573605994
debugxka9R:debugBt6dg,focus,77628,on,1574573683622
debugxka9R:debugBt6dg,window_resize,2640,"[975, 764]",1574573686262
debugxka9R:debugBt6dg,window_resize,252,"[974, 764]",1574573686514
debugxka9R:debugBt6dg,window_resize,5926,"[943, 764]",1574573692440
debugxka9R:debugBt6dg,window_resize,466,"[950, 764]",1574573692906
debugxka9R:debugBt6dg,window_resize,275,"[952, 764]",1574573693181
debugxka9R:debugBt6dg,window_resize,441,"[955, 764]",1574573693622
debugxka9R:debugBt6dg,focus,543583,off,1574574237205
debugxka9R:debugBt6dg,focus,68073,on,1574574305278
debugxka9R:debugBt6dg,focus,504290,off,1574574809568
debugxka9R:debugBt6dg,focus,222210,on,1574575031778
debugxka9R:debugBt6dg,focus,306818,off,1574575338596
debugxka9R:debugBt6dg,focus,77881,on,1574575416477
debugxka9R:debugBt6dg,focus,115015,on,1574575531492
debugxka9R:debugBt6dg,focus,196787,off,1574575728279
debugxka9R:debugBt6dg,focus,521,on,1574575728800
debugs2E6B:debug96PGH,initialized,0,,1575305200751
debugs2E6B:debug96PGH,window_resize,0,"[1024, 764]",1575305200751
debugs2E6B:debug96PGH,focus,1141254,off,1575306342005
debugs2E6B:debug96PGH,focus,112791,on,1575306454796
debugs2E6B:debug96PGH,focus,3034,off,1575306457830
debugs2E6B:debug96PGH,focus,3270,on,1575306461100
debugs2E6B:debug96PGH,focus,9327,off,1575306470427
debugs2E6B:debug96PGH,focus,23983,on,1575306494410
debugs2E6B:debug96PGH,focus,10960,off,1575306505370
debugs2E6B:debug96PGH,focus,22636,on,1575306528006
debugs2E6B:debug96PGH,focus,39879,off,1575306567885
debugs2E6B:debug96PGH,focus,112309,on,1575306680194
debugs2E6B:debug96PGH,focus,829,off,1575306681023
debugs2E6B:debug96PGH,focus,73211,on,1575306754234
debugs2E6B:debug96PGH,focus,31364,off,1575306785598
debugs2E6B:debug96PGH,focus,12141,on,1575306797739
debugs2E6B:debug96PGH,focus,1796,off,1575306799535
debugs2E6B:debug96PGH,focus,63529,on,1575306863064
debugs2E6B:debug96PGH,focus,80928,off,1575306943992
debugs2E6B:debug96PGH,focus,65874,on,1575307009866
debugLAZ05:debug469kh,initialized,0,,1575656668977
debugLAZ05:debug469kh,window_resize,0,"[1024, 764]",1575656668977
debug8i42E:debugHx1Dm,initialized,0,,1575658920663
debug8i42E:debugHx1Dm,window_resize,0,"[1024, 764]",1575658920663
debug8i42E:debugHx1Dm,focus,9128828,off,1575668049491
debug8i42E:debugHx1Dm,focus,561791,on,1575668611282
debug8i42E:debugHx1Dm,focus,1266,off,1575668612548
debug8i42E:debugHx1Dm,focus,1518,on,1575668614066
debug8i42E:debugHx1Dm,focus,2673,off,1575668616739
debug8i42E:debugHx1Dm,focus,2909,on,1575668619648
debug8i42E:debugHx1Dm,focus,3737,off,1575668623385
debug8i42E:debugHx1Dm,focus,54725,on,1575668678110
debug8i42E:debugHx1Dm,focus,20919172,off,1575689597282
debug8i42E:debugHx1Dm,focus,64169,on,1575689661451
debug8i42E:debugHx1Dm,focus,9579,off,1575689671030
debug8i42E:debugHx1Dm,focus,121340,on,1575689792370
debug8i42E:debugHx1Dm,focus,3624,off,1575689795994
debug8i42E:debugHx1Dm,focus,5121,on,1575689801115
debug8i42E:debugHx1Dm,focus,7294,off,1575689808409
debug8i42E:debugHx1Dm,focus,1513,on,1575689809922
debug8i42E:debugHx1Dm,focus,5484,off,1575689815406
debug8i42E:debugHx1Dm,focus,132555,on,1575689947961
debug8i42E:debugHx1Dm,focus,76163,off,1575690024124
debug8i42E:debugHx1Dm,focus,3633,on,1575690027757
debug8i42E:debugHx1Dm,focus,762,off,1575690028519
debug8i42E:debugHx1Dm,focus,22372,on,1575690050891
debug8i42E:debugHx1Dm,focus,1398,off,1575690052289
debug8i42E:debugHx1Dm,focus,3672,on,1575690055961
debug8i42E:debugHx1Dm,focus,127789,off,1575690183750
debug8i42E:debugHx1Dm,focus,36349,on,1575690220099
debug8i42E:debugHx1Dm,focus,9102,off,1575690229201
debug8i42E:debugHx1Dm,focus,9225,on,1575690238426
debug8i42E:debugHx1Dm,focus,26524,off,1575690264950
debug8i42E:debugHx1Dm,focus,223468,on,1575690488418
debug8i42E:debugHx1Dm,focus,12091,off,1575690500509
debug8i42E:debugHx1Dm,focus,111210,on,1575690611719
debug8i42E:debugHx1Dm,focus,2498,off,1575690614217
debug8i42E:debugHx1Dm,focus,22804,on,1575690637021
debug8i42E:debugHx1Dm,focus,1415,off,1575690638436
debug8i42E:debugHx1Dm,focus,104086,on,1575690742522
debug8i42E:debugHx1Dm,focus,1951,off,1575690744473
debug8i42E:debugHx1Dm,focus,8672,on,1575690753145
debug8i42E:debugHx1Dm,focus,11764,off,1575690764909
debug8i42E:debugHx1Dm,focus,107986,on,1575690872895
debugEbjhN:debugE9KxB,initialized,0,,1576289969712
debugEbjhN:debugE9KxB,window_resize,0,"[1024, 768]",1576289969712
debugEbjhN:debugE9KxB,focus,2436713,off,1576292406425
debugEbjhN:debugE9KxB,focus,1926,on,1576292408351
debuggMKeR:debugBF0Mh,initialized,0,,1576374713563
debuggMKeR:debugBF0Mh,window_resize,1,"[1024, 768]",1576374713564
debugk14YZ:debug4i3eL,initialized,0,,1576624169782
debugk14YZ:debug4i3eL,window_resize,0,"[1024, 764]",1576624169782
debugk14YZ:debug4i3eL,window_resize,15805824,"[1440, 764]",1576639975606
debugk14YZ:debug4i3eL,window_resize,4686,"[1141, 764]",1576639980292
debugk14YZ:debug4i3eL,window_resize,2349,"[987, 764]",1576639982641
debugk14YZ:debug4i3eL,window_resize,2420,"[1130, 764]",1576639985061
debugk14YZ:debug4i3eL,window_resize,4467,"[933, 764]",1576639989528
debugk14YZ:debug4i3eL,window_resize,18723,"[990, 764]",1576640008251
debugWOuMT:debugt41s8,initialized,0,,1576640897638
debugWOuMT:debugt41s8,window_resize,0,"[1024, 764]",1576640897638
debugwaS8a:debuguVshU,initialized,0,,1576641398109
debugwaS8a:debuguVshU,window_resize,0,"[1024, 762]",1576641398109
debugwaS8a:debuguVshU,focus,5617,off,1576641403726
debugwaS8a:debuguVshU,focus,140042,on,1576641543768
debugwaS8a:debuguVshU,focus,2061,off,1576641545829
debugwaS8a:debuguVshU,focus,251563,on,1576641797392
debugwaS8a:debuguVshU,focus,1170,off,1576641798562
debugwaS8a:debuguVshU,focus,4469,on,1576641803031
debugwaS8a:debuguVshU,focus,1315,off,1576641804346
debugwaS8a:debuguVshU,focus,488379,on,1576642292725
debugwaS8a:debuguVshU,focus,3310,off,1576642296035
debugwaS8a:debuguVshU,focus,124750,on,1576642420785
debugQ4GX73:debugDSEMZW,initialized,0,,1576642707161
debugQ4GX73:debugDSEMZW,window_resize,0,"[1024, 762]",1576642707161
debugVgcHP:debugFGvmc,initialized,0,,1578106419428
debugVgcHP:debugFGvmc,window_resize,0,"[1024, 767]",1578106419428
debugFjqkx:debugzM95o,initialized,0,,1578332123481
debugFjqkx:debugzM95o,window_resize,0,"[1024, 767]",1578332123481
debug6QljW:debugBDOPh,initialized,0,,1578600482162
debug6QljW:debugBDOPh,window_resize,1,"[1024, 767]",1578600482163
debugKB6Ux:debugptVxC,initialized,0,,1580954437305
debugKB6Ux:debugptVxC,window_resize,0,"[1024, 767]",1580954437305
debugKB6Ux:debugptVxC,focus,3057954,off,1580957495259
debugKB6Ux:debugptVxC,focus,410,on,1580957495669
debugKB6Ux:debugptVxC,focus,184,off,1580957495853
debugKB6Ux:debugptVxC,focus,179,on,1580957496032
debugKB6Ux:debugptVxC,focus,40504,off,1580957536536
debugKB6Ux:debugptVxC,focus,1101,on,1580957537637
debugKB6Ux:debugptVxC,focus,58572,off,1580957596209
debugKB6Ux:debugptVxC,focus,946,on,1580957597155
debugKB6Ux:debugptVxC,focus,108,off,1580957597263
debugKB6Ux:debugptVxC,focus,167,on,1580957597430
debugKB6Ux:debugptVxC,focus,589736,on,1580958187166
debugKB6Ux:debugptVxC,focus,773,off,1580958187939
debugKB6Ux:debugptVxC,focus,2069,on,1580958190008
debugKB6Ux:debugptVxC,focus,74465,off,1580958264473
debugKB6Ux:debugptVxC,focus,260,on,1580958264733
debugKB6Ux:debugptVxC,focus,394,off,1580958265127
debugKB6Ux:debugptVxC,focus,77425,off,1580958342552
debugKB6Ux:debugptVxC,focus,414,on,1580958342966
debugKB6Ux:debugptVxC,focus,82,off,1580958343048
debugKB6Ux:debugptVxC,focus,283,on,1580958343331
debugKB6Ux:debugptVxC,focus,127818,off,1580958471149
debugKB6Ux:debugptVxC,focus,514,on,1580958471663
debugKB6Ux:debugptVxC,focus,181,off,1580958471844
debugKB6Ux:debugptVxC,focus,163,on,1580958472007
debugKB6Ux:debugptVxC,focus,335,off,1580958472342
debugKB6Ux:debugptVxC,focus,555,on,1580958472897
debugKB6Ux:debugptVxC,focus,1020,off,1580958473917
debugKB6Ux:debugptVxC,focus,1723,on,1580958475640
debugFniH9:debugd6Fj3,initialized,0,,1580954758111
debugFniH9:debugd6Fj3,window_resize,0,"[1024, 767]",1580954758111
debugFniH9:debugd6Fj3,focus,105599,on,1580954863710
debugFniH9:debugd6Fj3,focus,1891470,off,1580956755180
debugFniH9:debugd6Fj3,focus,367,on,1580956755547
debugFniH9:debugd6Fj3,focus,199,off,1580956755746
debugFniH9:debugd6Fj3,focus,124,on,1580956755870
debugFniH9:debugd6Fj3,focus,555215,off,1580957311085
debugFniH9:debugd6Fj3,focus,413,on,1580957311498
debugFniH9:debugd6Fj3,focus,123,off,1580957311621
debugFniH9:debugd6Fj3,focus,228,on,1580957311849
debugFniH9:debugd6Fj3,focus,351,off,1580957312200
debugFniH9:debugd6Fj3,focus,255,on,1580957312455
debugp0PqI:debugw53u1,initialized,0,,1581022138466
debugp0PqI:debugw53u1,window_resize,1,"[1024, 767]",1581022138467
debugp0PqI:debugw53u1,focus,149937,off,1581022288404
debugp0PqI:debugw53u1,focus,2528,on,1581022290932
debugp0PqI:debugw53u1,focus,873,off,1581022291805
debugp0PqI:debugw53u1,focus,1583,on,1581022293388
debugVSCvC:debugvWlzj,initialized,0,,1581022986800
debugVSCvC:debugvWlzj,window_resize,0,"[1024, 754]",1581022986800
debugPbfe1:debugCibcf,initialized,0,,1581024147357
debugPbfe1:debugCibcf,window_resize,0,"[1024, 767]",1581024147357
debugEhMkP:debug7YbwY,initialized,0,,1581024379731
debugEhMkP:debug7YbwY,window_resize,0,"[1024, 767]",1581024379731
debugEhMkP:debug7YbwY,focus,15262073,off,1581039641804
debugEhMkP:debug7YbwY,focus,4717,on,1581039646521
debugEhMkP:debug7YbwY,focus,10802,off,1581039657323
debugEhMkP:debug7YbwY,focus,965,on,1581039658288
debugEhMkP:debug7YbwY,focus,6457,off,1581039664745
debugEhMkP:debug7YbwY,focus,3881,on,1581039668626
debugEhMkP:debug7YbwY,focus,6814,off,1581039675440
debugEhMkP:debug7YbwY,focus,55741,on,1581039731181
debugZuOM4:debugvDtcb,initialized,0,,1581040257486
debugZuOM4:debugvDtcb,window_resize,0,"[1024, 767]",1581040257486
debugZuOM4:debugvDtcb,focus,270160,off,1581040527646
debugZuOM4:debugvDtcb,focus,289,on,1581040527935
debugZuOM4:debugvDtcb,focus,331,off,1581040528266
debugZuOM4:debugvDtcb,focus,1477,on,1581040529743
debugZuOM4:debugvDtcb,focus,135473,off,1581040665216
debugZuOM4:debugvDtcb,focus,11369,on,1581040676585
debugZuOM4:debugvDtcb,window_resize,35578,"[1241, 767]",1581040712163
debugZuOM4:debugvDtcb,window_resize,1964,"[1073, 767]",1581040714127
debugZuOM4:debugvDtcb,window_resize,2830,"[1219, 767]",1581040716957
debugZuOM4:debugvDtcb,window_resize,3674,"[945, 767]",1581040720631
debugZuOM4:debugvDtcb,window_resize,481,"[926, 767]",1581040721112
debugZuOM4:debugvDtcb,window_resize,786,"[957, 767]",1581040721898
debugZuOM4:debugvDtcb,window_resize,11810,"[886, 670]",1581040733708
debugZuOM4:debugvDtcb,window_resize,3231,"[963, 678]",1581040736939
debugZuOM4:debugvDtcb,window_resize,619,"[974, 683]",1581040737558
debugZuOM4:debugvDtcb,focus,1742146,off,1581042479704
debugZuOM4:debugvDtcb,focus,1566,on,1581042481270
debugZuOM4:debugvDtcb,focus,81032,off,1581042562302
debugZuOM4:debugvDtcb,focus,31217,on,1581042593519
debugZuOM4:debugvDtcb,focus,76017,off,1581042669536
debugZuOM4:debugvDtcb,focus,2943,on,1581042672479
debugZuOM4:debugvDtcb,focus,18986,off,1581042691465
debugZuOM4:debugvDtcb,focus,65664,on,1581042757129
debugLgzC5:debugi5L2W,initialized,0,,1581042986664
debugLgzC5:debugi5L2W,window_resize,0,"[1024, 767]",1581042986664
debug6khm1:debugQf5Xc,initialized,0,,1581372078156
debug6khm1:debugQf5Xc,window_resize,0,"[1024, 767]",1581372078156
debugLqbF7:debugxZdoF,initialized,0,,1581373542303
debugLqbF7:debugxZdoF,window_resize,0,"[1024, 767]",1581373542303
debugLqbF7:debugxZdoF,focus,73711,off,1581373616014
debugLqbF7:debugxZdoF,focus,3563,on,1581373619577
debugLqbF7:debugxZdoF,focus,68449,off,1581373688026
debugLqbF7:debugxZdoF,focus,309720,on,1581373997746
debugLqbF7:debugxZdoF,focus,309494,off,1581374307240
debugLqbF7:debugxZdoF,focus,87822,on,1581374395062
debugLqbF7:debugxZdoF,focus,36247,off,1581374431309
debugLqbF7:debugxZdoF,focus,1753777,on,1581376185086
debugLqbF7:debugxZdoF,focus,117965,off,1581376303051
debugLqbF7:debugxZdoF,focus,4650,on,1581376307701
debugLqbF7:debugxZdoF,focus,1364,off,1581376309065
debugLqbF7:debugxZdoF,focus,666,on,1581376309731
debugLqbF7:debugxZdoF,focus,5318,off,1581376315049
debugLqbF7:debugxZdoF,focus,118203,on,1581376433252
debugLqbF7:debugxZdoF,focus,4493,off,1581376437745
debugLqbF7:debugxZdoF,focus,2567,on,1581376440312
debugLqbF7:debugxZdoF,focus,26367,off,1581376466679
debugLqbF7:debugxZdoF,focus,166609,on,1581376633288
debugLqbF7:debugxZdoF,focus,574403,off,1581377207691
debugLqbF7:debugxZdoF,focus,785,on,1581377208476
debugLqbF7:debugxZdoF,focus,652,off,1581377209128
debugLqbF7:debugxZdoF,focus,2731,on,1581377211859
debugLqbF7:debugxZdoF,focus,1486,off,1581377213345
debugLqbF7:debugxZdoF,focus,2735,on,1581377216080
debugLqbF7:debugxZdoF,focus,1657,off,1581377217737
debugLqbF7:debugxZdoF,focus,4656,on,1581377222393
debugLqbF7:debugxZdoF,focus,1713,off,1581377224106
debugLqbF7:debugxZdoF,focus,4392,on,1581377228498
debugLqbF7:debugxZdoF,focus,998,off,1581377229496
debugLqbF7:debugxZdoF,focus,125014,on,1581377354510
debugLqbF7:debugxZdoF,focus,19451,off,1581377373961
debugLqbF7:debugxZdoF,focus,7630,on,1581377381591
debugLqbF7:debugxZdoF,focus,1266,off,1581377382857
debugLqbF7:debugxZdoF,focus,232482,on,1581377615339
debugLqbF7:debugxZdoF,focus,206772,off,1581377822111
debugLqbF7:debugxZdoF,focus,342,on,1581377822453
debugLqbF7:debugxZdoF,focus,105,off,1581377822558
debugLqbF7:debugxZdoF,focus,488,on,1581377823046
debugLqbF7:debugxZdoF,focus,282,off,1581377823328
debugLqbF7:debugxZdoF,focus,1189,on,1581377824517
debugLqbF7:debugxZdoF,focus,1505,off,1581377826022
debugLqbF7:debugxZdoF,focus,1393,on,1581377827415
debugLqbF7:debugxZdoF,focus,973,off,1581377828388
debugLqbF7:debugxZdoF,focus,1504,on,1581377829892
debugLqbF7:debugxZdoF,focus,21950,off,1581377851842
debugLqbF7:debugxZdoF,focus,23228,on,1581377875070
debugLqbF7:debugxZdoF,window_resize,29883,"[1226, 767]",1581377904953
debugLqbF7:debugxZdoF,window_resize,2866,"[1132, 767]",1581377907819
debugLqbF7:debugxZdoF,window_resize,781,"[843, 767]",1581377908600
debugLqbF7:debugxZdoF,window_resize,692,"[835, 767]",1581377909292
debugLqbF7:debugxZdoF,window_resize,328,"[832, 767]",1581377909620
debugLqbF7:debugxZdoF,window_resize,1798,"[856, 767]",1581377911418
debugLqbF7:debugxZdoF,window_resize,7848,"[1092, 767]",1581377919266
debugLqbF7:debugxZdoF,focus,9550,off,1581377928816
debugLqbF7:debugxZdoF,focus,1971,on,1581377930787
debugLqbF7:debugxZdoF,focus,1164,off,1581377931951
debugLqbF7:debugxZdoF,focus,389854,on,1581378321805
debugLqbF7:debugxZdoF,focus,2740,off,1581378324545
debugLqbF7:debugxZdoF,focus,9875,on,1581378334420
debugLqbF7:debugxZdoF,focus,12463,off,1581378346883
debugLqbF7:debugxZdoF,focus,2224,on,1581378349107
debugLqbF7:debugxZdoF,focus,7978,off,1581378357085
debugLqbF7:debugxZdoF,focus,65198,on,1581378422283
debugLqbF7:debugxZdoF,focus,8247,off,1581378430530
debugLqbF7:debugxZdoF,focus,129379,on,1581378559909
debugLqbF7:debugxZdoF,focus,1434,off,1581378561343
debugLqbF7:debugxZdoF,focus,113802,on,1581378675145
debugLqbF7:debugxZdoF,focus,57680,off,1581378732825
debugLqbF7:debugxZdoF,focus,1403,on,1581378734228
debugLqbF7:debugxZdoF,focus,1711,off,1581378735939
debugLqbF7:debugxZdoF,focus,1284,on,1581378737223
debugLqbF7:debugxZdoF,focus,159018,off,1581378896241
debugLqbF7:debugxZdoF,focus,5904,on,1581378902145
debugLqbF7:debugxZdoF,focus,95288,off,1581378997433
debugLqbF7:debugxZdoF,focus,54384,on,1581379051817
debugLqbF7:debugxZdoF,focus,16082,off,1581379067899
debugLqbF7:debugxZdoF,focus,10811,on,1581379078710
debugLqbF7:debugxZdoF,focus,291677,off,1581379370387
debugLqbF7:debugxZdoF,focus,53499,on,1581379423886
debugLqbF7:debugxZdoF,focus,46042,off,1581379469928
debugLqbF7:debugxZdoF,focus,28722,on,1581379498650
debugLqbF7:debugxZdoF,focus,9426,off,1581379508076
debugLqbF7:debugxZdoF,focus,162254,on,1581379670330
debugLqbF7:debugxZdoF,focus,8276,off,1581379678606
debugLqbF7:debugxZdoF,focus,103830,on,1581379782436
debugLqbF7:debugxZdoF,focus,1012,off,1581379783448
debugLqbF7:debugxZdoF,focus,2634,on,1581379786082
debugLqbF7:debugxZdoF,focus,593,off,1581379786675
debugLqbF7:debugxZdoF,focus,710,on,1581379787385
debugqdQMv:debugGp7MA,initialized,0,,1581379981009
debugqdQMv:debugGp7MA,window_resize,0,"[1024, 767]",1581379981009
debugqdQMv:debugGp7MA,focus,3303,off,1581379984312
debugqdQMv:debugGp7MA,focus,226,on,1581379984538
debugqdQMv:debugGp7MA,focus,370,off,1581379984908
debugqdQMv:debugGp7MA,focus,110,on,1581379985018
debugqdQMv:debugGp7MA,focus,655,off,1581379985673
debugqdQMv:debugGp7MA,focus,1473,on,1581379987146
debugqdQMv:debugGp7MA,focus,1835,off,1581379988981
debugqdQMv:debugGp7MA,focus,54623,on,1581380043604
debugqdQMv:debugGp7MA,focus,64418,off,1581380108022
debugqdQMv:debugGp7MA,focus,90625,on,1581380198647
debugqdQMv:debugGp7MA,focus,2883,off,1581380201530
debugqdQMv:debugGp7MA,focus,1155,on,1581380202685
debugqdQMv:debugGp7MA,focus,6736,off,1581380209421
debugqdQMv:debugGp7MA,focus,1383,on,1581380210804
debugqdQMv:debugGp7MA,focus,17855,off,1581380228659
debugqdQMv:debugGp7MA,focus,63630,on,1581380292289
debugqdQMv:debugGp7MA,focus,3392,off,1581380295681
debugqdQMv:debugGp7MA,focus,350074,on,1581380645755
debugqdQMv:debugGp7MA,focus,694076,off,1581381339831
debugqdQMv:debugGp7MA,focus,2505,on,1581381342336
debugqdQMv:debugGp7MA,focus,62265,off,1581381404601
debugqdQMv:debugGp7MA,focus,5145,on,1581381409746
debugqdQMv:debugGp7MA,focus,5438,off,1581381415184
debugqdQMv:debugGp7MA,focus,289692,on,1581381704876
debugqdQMv:debugGp7MA,focus,5335,off,1581381710211
debugqdQMv:debugGp7MA,focus,765,on,1581381710976
debugqdQMv:debugGp7MA,focus,5952,off,1581381716928
debugqdQMv:debugGp7MA,focus,2635647,on,1581384352575
debugqdQMv:debugGp7MA,focus,604248,off,1581384956823
debugqdQMv:debugGp7MA,focus,4980848,on,1581389937671
debugqdQMv:debugGp7MA,focus,3537,off,1581389941208
debugqdQMv:debugGp7MA,focus,809,on,1581389942017
debugqdQMv:debugGp7MA,focus,170391,off,1581390112408
debugqdQMv:debugGp7MA,focus,5397,on,1581390117805
debugqdQMv:debugGp7MA,window_resize,1793498,"[1276, 767]",1581391911303
debugqdQMv:debugGp7MA,window_resize,5205,"[897, 767]",1581391916508
debugqdQMv:debugGp7MA,window_resize,305,"[896, 767]",1581391916813
debugqdQMv:debugGp7MA,window_resize,2898,"[1115, 767]",1581391919711
debugqdQMv:debugGp7MA,window_resize,2234,"[1038, 767]",1581391921945
debugqdQMv:debugGp7MA,focus,17342,off,1581391939287
debugqdQMv:debugGp7MA,focus,3472,on,1581391942759
debugqdQMv:debugGp7MA,focus,1052,off,1581391943811
debugqdQMv:debugGp7MA,focus,2158,on,1581391945969
debugqdQMv:debugGp7MA,focus,7794,off,1581391953763
debugqdQMv:debugGp7MA,focus,7999,on,1581391961762
debugqdQMv:debugGp7MA,focus,710713,off,1581392672475
debugqdQMv:debugGp7MA,focus,481,on,1581392672956
debugqdQMv:debugGp7MA,focus,172,off,1581392673128
debugqdQMv:debugGp7MA,focus,33,on,1581392673161
debugqdQMv:debugGp7MA,focus,509925,off,1581393183086
debugqdQMv:debugGp7MA,focus,88837,on,1581393271923
debugqdQMv:debugGp7MA,focus,1378,off,1581393273301
debugqdQMv:debugGp7MA,focus,399245,on,1581393672546
debugqdQMv:debugGp7MA,focus,235729,off,1581393908275
debugqdQMv:debugGp7MA,focus,537,on,1581393908812
debugqdQMv:debugGp7MA,focus,158,off,1581393908970
debugqdQMv:debugGp7MA,focus,2504,on,1581393911474
debugqdQMv:debugGp7MA,focus,18976,off,1581393930450
debugqdQMv:debugGp7MA,focus,22655,on,1581393953105
debugqdQMv:debugGp7MA,focus,2878,off,1581393955983
debugqdQMv:debugGp7MA,focus,14099,on,1581393970082
debugqdQMv:debugGp7MA,focus,3015,off,1581393973097
debugqdQMv:debugGp7MA,focus,114414,on,1581394087511
debugqdQMv:debugGp7MA,focus,1879,off,1581394089390
debugqdQMv:debugGp7MA,focus,138345,on,1581394227735
debugqdQMv:debugGp7MA,focus,11736,off,1581394239471
debugqdQMv:debugGp7MA,focus,1820,on,1581394241291
debugqdQMv:debugGp7MA,focus,57470,off,1581394298761
debugqdQMv:debugGp7MA,focus,1020,on,1581394299781
debugqdQMv:debugGp7MA,focus,189,off,1581394299970
debugqdQMv:debugGp7MA,focus,3280,on,1581394303250
debugqdQMv:debugGp7MA,focus,58448,off,1581394361698
debugqdQMv:debugGp7MA,focus,11503,on,1581394373201
debugqdQMv:debugGp7MA,focus,78096,off,1581394451297
debugqdQMv:debugGp7MA,focus,3886,on,1581394455183
debugqdQMv:debugGp7MA,focus,3412,off,1581394458595
debugqdQMv:debugGp7MA,focus,1405,on,1581394460000
debugqdQMv:debugGp7MA,focus,2392,off,1581394462392
debugqdQMv:debugGp7MA,focus,21126,on,1581394483518
debugqdQMv:debugGp7MA,focus,3287,off,1581394486805
debugqdQMv:debugGp7MA,focus,1169,on,1581394487974
debugqdQMv:debugGp7MA,focus,44316,off,1581394532290
debugqdQMv:debugGp7MA,focus,71342,on,1581394603632
debugqdQMv:debugGp7MA,focus,63334,off,1581394666966
debugqdQMv:debugGp7MA,focus,189041,on,1581394856007
debugqdQMv:debugGp7MA,focus,33071161,off,1581427927168
debugqdQMv:debugGp7MA,focus,5652,on,1581427932820
debugnJvY2:debugEjqGV,initialized,0,,1581428745767
debugnJvY2:debugEjqGV,window_resize,0,"[1024, 767]",1581428745767
debugnJvY2:debugEjqGV,focus,354466,off,1581429100233
debugnJvY2:debugEjqGV,focus,14181,on,1581429114414
debugnJvY2:debugEjqGV,focus,4582,off,1581429118996
debugnJvY2:debugEjqGV,focus,262910,on,1581429381906
debugW57Wg:debugE2UOb,initialized,0,,1581429724353
debugW57Wg:debugE2UOb,window_resize,0,"[1024, 767]",1581429724353
debugn3lA3:debugP9Gwu,initialized,0,,1581429972845
debugn3lA3:debugP9Gwu,window_resize,0,"[1024, 767]",1581429972845
debugn3lA3:debugP9Gwu,focus,68832,off,1581430041677
debugn3lA3:debugP9Gwu,focus,930,on,1581430042607
debugn3lA3:debugP9Gwu,focus,419,off,1581430043026
debugn3lA3:debugP9Gwu,focus,1386,on,1581430044412
debugn3lA3:debugP9Gwu,focus,1592,off,1581430046004
debugn3lA3:debugP9Gwu,focus,1664,on,1581430047668
debugn3lA3:debugP9Gwu,focus,7389,off,1581430055057
debugn3lA3:debugP9Gwu,focus,1440,on,1581430056497
debugn3lA3:debugP9Gwu,focus,8689,off,1581430065186
debugn3lA3:debugP9Gwu,focus,221523,on,1581430286709
debugn3lA3:debugP9Gwu,window_resize,39614,"[1137, 767]",1581430326323
debugn3lA3:debugP9Gwu,window_resize,413,"[1134, 767]",1581430326736
debug7Hhta:debugTUtFW,initialized,0,,1581441709120
debug7Hhta:debugTUtFW,window_resize,0,"[1024, 767]",1581441709120
debugl2RwI:debugrtusk,initialized,0,,1582825948381
debugl2RwI:debugrtusk,window_resize,0,"[1024, 767]",1582825948381
debugkIG3j:debughEG5l,initialized,0,,1584034871784
debugkIG3j:debughEG5l,window_resize,0,"[1024, 767]",1584034871784
debugkIG3j:debughEG5l,focus,5165,off,1584034876949
debugkIG3j:debughEG5l,focus,20163,on,1584034897112
debugkIG3j:debughEG5l,focus,520034,off,1584035417146
debugkIG3j:debughEG5l,focus,6559,on,1584035423705
debugkIG3j:debughEG5l,focus,9131441,off,1584044555146
debugkIG3j:debughEG5l,focus,5074,on,1584044560220
debugkIG3j:debughEG5l,focus,64899,off,1584044625119
debugkIG3j:debughEG5l,focus,2815,on,1584044627934
debugkIG3j:debughEG5l,focus,15157,off,1584044643091
debugkIG3j:debughEG5l,focus,6028,on,1584044649119
debugkIG3j:debughEG5l,focus,127727,off,1584044776846
debugkIG3j:debughEG5l,focus,2923,on,1584044779769
debugkIG3j:debughEG5l,focus,16678,off,1584044796447
debugkIG3j:debughEG5l,focus,1624,on,1584044798071
debugkIG3j:debughEG5l,focus,62075,off,1584044860146
debugkIG3j:debughEG5l,focus,2635,on,1584044862781
debugkIG3j:debughEG5l,focus,56323,off,1584044919104
debugkIG3j:debughEG5l,focus,3926,on,1584044923030
debugkIG3j:debughEG5l,focus,17519,off,1584044940549
debugkIG3j:debughEG5l,focus,2532,on,1584044943081
debug0DiOz:debugjpntv,initialized,0,,1584060845008
debug0DiOz:debugjpntv,window_resize,0,"[1024, 767]",1584060845008
debug0DiOz:debugjpntv,focus,7089683,off,1584067934691
debug0DiOz:debugjpntv,focus,3624,on,1584067938315
debugA8GCm:debugQyNOS,initialized,0,,1584067972655
debugA8GCm:debugQyNOS,window_resize,0,"[1024, 767]",1584067972655
debug9pVxw:debug0YP3X,initialized,0,,1584068444408
debug9pVxw:debug0YP3X,window_resize,0,"[1024, 767]",1584068444408
debugqdJQl:debug78Ma9,initialized,0,,1584068830360
debugqdJQl:debug78Ma9,window_resize,0,"[1024, 767]",1584068830360
debugIzv6f:debug4ego1,initialized,0,,1584069556684
debugIzv6f:debug4ego1,window_resize,0,"[1024, 767]",1584069556684
debugjxVKA:debugsXp2R,initialized,0,,1584069627648
debugjxVKA:debugsXp2R,window_resize,0,"[1024, 767]",1584069627648
debug6bpXA:debugyMYdk,initialized,0,,1584070437949
debug6bpXA:debugyMYdk,window_resize,1,"[1024, 767]",1584070437950
debuguMjMw:debugyMP81,initialized,0,,1584436226198
debuguMjMw:debugyMP81,window_resize,0,"[1024, 767]",1584436226198
debuguMjMw:debugyMP81,focus,28051,off,1584436254249
debuguMjMw:debugyMP81,focus,8081,on,1584436262330
debuguMjMw:debugyMP81,focus,2692,off,1584436265022
debuguMjMw:debugyMP81,focus,48933,on,1584436313955
debugJm203:debugHTTbV,initialized,0,,1584437645127
debugJm203:debugHTTbV,window_resize,0,"[1024, 767]",1584437645127
debugmzq9T:debugkekoO,initialized,0,,1584437714661
debugmzq9T:debugkekoO,window_resize,0,"[1024, 767]",1584437714661
debugNEKTD:debugTbMq1,initialized,0,,1584438227594
debugNEKTD:debugTbMq1,window_resize,0,"[1024, 767]",1584438227594
debugszsVd:debugyIe9A,initialized,0,,1584438395380
debugszsVd:debugyIe9A,window_resize,1,"[1024, 767]",1584438395381
debug6tfFQ:debugElfsZ,initialized,0,,1584438461758
debug6tfFQ:debugElfsZ,window_resize,0,"[1024, 767]",1584438461758
debugh7b8P:debug7iLkT,initialized,0,,1584438682076
debugh7b8P:debug7iLkT,window_resize,0,"[1024, 767]",1584438682076
debug45cIy:debug7x6rb,initialized,0,,1584438734189
debug45cIy:debug7x6rb,window_resize,0,"[1024, 767]",1584438734189
debugd7MgE:debugUKVoP,initialized,0,,1584439283222
debugd7MgE:debugUKVoP,window_resize,0,"[1024, 767]",1584439283222
debugTNOSo:debuggOjlR,initialized,0,,1584439309605
debugTNOSo:debuggOjlR,window_resize,0,"[1024, 767]",1584439309605
debug9Agye:debugGVoY6,initialized,0,,1584439466999
debug9Agye:debugGVoY6,window_resize,0,"[1024, 767]",1584439466999
debugRHCwM:debugJZQvb,initialized,0,,1584439973069
debugRHCwM:debugJZQvb,window_resize,0,"[1024, 767]",1584439973069
debugqqPGz:debug4L9v0,initialized,0,,1584440078414
debugqqPGz:debug4L9v0,window_resize,0,"[1024, 767]",1584440078414
debugnbJmO:debugJEqHm,initialized,0,,1584440220830
debugnbJmO:debugJEqHm,window_resize,0,"[1024, 767]",1584440220830
debugnbJmO:debugJEqHm,focus,1848242,off,1584442069072
debugnbJmO:debugJEqHm,focus,3066,on,1584442072138
debugDQDaw:debugMWzOK,initialized,0,,1584442181641
debugDQDaw:debugMWzOK,window_resize,0,"[1024, 767]",1584442181641
debugLP9QJ:debugik1ee,initialized,0,,1584442789580
debugLP9QJ:debugik1ee,window_resize,1,"[1024, 767]",1584442789581
debugreckR:debugcYjJo,initialized,0,,1584478848004
debugreckR:debugcYjJo,window_resize,0,"[1024, 767]",1584478848004
debugreckR:debugcYjJo,focus,31423,off,1584478879427
debugreckR:debugcYjJo,focus,7469,on,1584478886896
debugDVV4h:debugs3q0P,initialized,0,,1584479008955
debugDVV4h:debugs3q0P,window_resize,0,"[1024, 767]",1584479008955
debugnmXxT:debug5EJMe,initialized,0,,1588039407386
debugnmXxT:debug5EJMe,window_resize,0,"[1440, 788]",1588039407386
debugnmXxT:debug5EJMe,focus,10435,off,1588039417821
debugnmXxT:debug5EJMe,focus,8111,on,1588039425932
debugnmXxT:debug5EJMe,focus,12560,off,1588039438492
debugnmXxT:debug5EJMe,focus,203367,on,1588039641859
debugnmXxT:debug5EJMe,focus,3741,off,1588039645600
debugnmXxT:debug5EJMe,focus,42608,on,1588039688208
debugnmXxT:debug5EJMe,focus,3992,off,1588039692200
debugnmXxT:debug5EJMe,focus,934952,on,1588040627152
debugnmXxT:debug5EJMe,focus,1462,off,1588040628614
debugnmXxT:debug5EJMe,focus,7081,on,1588040635695
debugnmXxT:debug5EJMe,focus,9087,off,1588040644782
debugnmXxT:debug5EJMe,focus,1521,on,1588040646303
debugAYNpD:debug66PcM,initialized,0,,1588041264963
debugAYNpD:debug66PcM,window_resize,0,"[1440, 788]",1588041264963
debugAYNpD:debug66PcM,focus,74707,off,1588041339670
debugAYNpD:debug66PcM,focus,164,on,1588041339834
debugAYNpD:debug66PcM,focus,288069,on,1588041627903
debugAYNpD:debug66PcM,window_resize,204,"[1440, 415]",1588041628107
debugQpAyB:debuggHhwj,initialized,0,,1588041710628
debugQpAyB:debuggHhwj,window_resize,1,"[1440, 788]",1588041710629
debugQpAyB:debuggHhwj,focus,9540,on,1588041720169
debugQpAyB:debuggHhwj,window_resize,198,"[1440, 788]",1588041720367
debugQpAyB:debuggHhwj,focus,3321,off,1588041723688
debugQpAyB:debuggHhwj,window_resize,231,"[1440, 415]",1588041723919
debugQpAyB:debuggHhwj,focus,939,on,1588041724858
debugQpAyB:debuggHhwj,focus,87612,off,1588041812470
debugQpAyB:debuggHhwj,window_resize,229,"[1440, 415]",1588041812699
debugQpAyB:debuggHhwj,focus,4405,on,1588041817104
debugQpAyB:debuggHhwj,focus,194140,off,1588042011244
debugQpAyB:debuggHhwj,window_resize,716,"[1440, 333]",1588042011960
debugQpAyB:debuggHhwj,focus,2386,on,1588042014346
debugQpAyB:debuggHhwj,focus,1386137,off,1588043400483
debugQpAyB:debuggHhwj,window_resize,1482,"[1440, 289]",1588043401965
debugQpAyB:debuggHhwj,window_resize,827,"[1440, 333]",1588043402792
debugQpAyB:debuggHhwj,window_resize,2647,"[1440, 460]",1588043405439
debugQpAyB:debuggHhwj,focus,538,on,1588043405977
debugQpAyB:debuggHhwj,focus,4419699,off,1588047825676
debugQpAyB:debuggHhwj,focus,521168,on,1588048346844
debugEYKJQ:debugScvXk,initialized,0,,1588051548930
debugEYKJQ:debugScvXk,window_resize,1,"[1024, 767]",1588051548931
debugYMMyo:debugT5BLY,initialized,0,,1588051776489
debugYMMyo:debugT5BLY,window_resize,0,"[1024, 767]",1588051776489
debugDhyiI:debugHkfJN,initialized,0,,1588054033627
debugDhyiI:debugHkfJN,window_resize,0,"[1440, 788]",1588054033627
debugDhyiI:debugHkfJN,focus,41660,off,1588054075287
debugDhyiI:debugHkfJN,focus,1474,on,1588054076761
debugDhyiI:debugHkfJN,focus,312416,off,1588054389177
debugDhyiI:debugHkfJN,focus,2189,on,1588054391366
debugQm3KO:debugepSMk,initialized,0,,1588137298335
debugQm3KO:debugepSMk,window_resize,0,"[1024, 767]",1588137298335
debugJFHTW:debug2UbyA,initialized,0,,1588137313690
debugJFHTW:debug2UbyA,window_resize,0,"[1024, 767]",1588137313690
debugqbU6H:debugmPFGy,initialized,0,,1588138456554
debugqbU6H:debugmPFGy,window_resize,0,"[1024, 767]",1588138456554
debugBOpeB:debugjdydR,initialized,0,,1588138501206
debugBOpeB:debugjdydR,window_resize,0,"[1024, 767]",1588138501206
debugqJT9x:debugdvYcs,initialized,0,,1588138553176
debugqJT9x:debugdvYcs,window_resize,0,"[1024, 767]",1588138553176
debugK2T8S:debugY9Pss,initialized,0,,1588138802371
debugK2T8S:debugY9Pss,window_resize,0,"[1024, 767]",1588138802371
debugUDQOQ:debugW2tmq,initialized,0,,1588138958183
debugUDQOQ:debugW2tmq,window_resize,0,"[1024, 767]",1588138958183
debuggzj2F:debug6kG0g,initialized,0,,1588139052260
debuggzj2F:debug6kG0g,window_resize,0,"[1024, 767]",1588139052260
debugXIlDW:debug7HODc,initialized,0,,1588139081937
debugXIlDW:debug7HODc,window_resize,0,"[1024, 767]",1588139081937
debugBdboz:debugUQRIo,initialized,0,,1588139193959
debugBdboz:debugUQRIo,window_resize,0,"[1024, 767]",1588139193959
debug6n1Xo:debugdqL47,initialized,0,,1588139226224
debug6n1Xo:debugdqL47,window_resize,0,"[1024, 767]",1588139226224
debugVOoBq:debugKOrxA,initialized,0,,1588139320804
debugVOoBq:debugKOrxA,window_resize,0,"[1024, 767]",1588139320804
debugN9KML:debug204fl,initialized,0,,1588139437689
debugN9KML:debug204fl,window_resize,1,"[1024, 767]",1588139437690
debugucfiT:debugUX8Nx,initialized,0,,1588139764583
debugucfiT:debugUX8Nx,window_resize,0,"[1024, 767]",1588139764583
debugucfiT:debugUX8Nx,focus,305566,off,1588140070149
debugucfiT:debugUX8Nx,focus,1727,on,1588140071876
debugucfiT:debugUX8Nx,focus,1009,off,1588140072885
debugucfiT:debugUX8Nx,focus,637,on,1588140073522
debugucfiT:debugUX8Nx,window_resize,5900,"[744, 600]",1588140079422
debugucfiT:debugUX8Nx,window_resize,1816,"[738, 639]",1588140081238
debugucfiT:debugUX8Nx,window_resize,392,"[769, 666]",1588140081630
debugucfiT:debugUX8Nx,window_resize,785,"[777, 679]",1588140082415
debugf5vuw:debugX05lJ,initialized,0,,1588140466865
debugf5vuw:debugX05lJ,window_resize,0,"[1024, 767]",1588140466865
debugCE8dl:debugqhceb,initialized,0,,1588140598545
debugCE8dl:debugqhceb,window_resize,0,"[1024, 767]",1588140598545
debug7hAZs:debugc70jf,initialized,0,,1588140922349
debug7hAZs:debugc70jf,window_resize,0,"[1024, 767]",1588140922349
debug7hAZs:debugc70jf,focus,4917,off,1588140927266
debug7hAZs:debugc70jf,focus,3200,on,1588140930466
debugkfjic:debugC9Ka0,initialized,0,,1595096677657
debugkfjic:debugC9Ka0,window_resize,0,"[1024, 767]",1595096677657
debugIQJK70:debug5FNIMP,initialized,0,,1595104305379
debugIQJK70:debug5FNIMP,window_resize,0,"[1024, 767]",1595104305379
debug1YEZGU:debug93CT7W,initialized,0,,1595110802997
debug1YEZGU:debug93CT7W,window_resize,0,"[1024, 767]",1595110802997
debugXXJFGE:debugR43ZLU,initialized,0,,1595110957872
debugXXJFGE:debugR43ZLU,window_resize,0,"[1024, 767]",1595110957872
debugOY7O3U:debug4ND5V5,initialized,0,,1595111524008
debugOY7O3U:debug4ND5V5,window_resize,0,"[1024, 767]",1595111524008
debug8JFNRO:debugT9ZN2P,initialized,0,,1595112789806
debug8JFNRO:debugT9ZN2P,window_resize,0,"[1024, 767]",1595112789806
debug8JFNRO:debugT9ZN2P,focus,21813998,off,1595134603804
debug8JFNRO:debugT9ZN2P,focus,3652,on,1595134607456
debugS1ETBY:debugKP1BY8,initialized,0,,1595134860124
debugS1ETBY:debugKP1BY8,window_resize,0,"[1024, 767]",1595134860124
debug11HJNA:debug94NSHR,initialized,0,,1595135981861
debug11HJNA:debug94NSHR,window_resize,0,"[1024, 767]",1595135981861
debug11HJNA:debug94NSHR,focus,3022,off,1595135984883
debug11HJNA:debug94NSHR,focus,504,on,1595135985387
debug11HJNA:debug94NSHR,focus,541,off,1595135985928
debug11HJNA:debug94NSHR,focus,2053,on,1595135987981
debug11HJNA:debug94NSHR,focus,29833,off,1595136017814
debug11HJNA:debug94NSHR,focus,2865,on,1595136020679
debugSWF2NO:debugCLVYJV,initialized,0,,1595258485882
debugSWF2NO:debugCLVYJV,window_resize,0,"[1024, 767]",1595258485882
debugSWF2NO:debugCLVYJV,focus,809268,off,1595259295150
debugSWF2NO:debugCLVYJV,focus,3351,on,1595259298501
debugSWF2NO:debugCLVYJV,focus,84432,off,1595259382933
debugSWF2NO:debugCLVYJV,focus,463,on,1595259383396
debugSWF2NO:debugCLVYJV,focus,1931288,off,1595261314684
debugSWF2NO:debugCLVYJV,focus,1962,on,1595261316646
debug78TLOP:debugP6O1Y4,initialized,0,,1595429512907
debug78TLOP:debugP6O1Y4,window_resize,0,"[1024, 767]",1595429512907
debug78TLOP:debugP6O1Y4,focus,870227,off,1595430383134
debug78TLOP:debugP6O1Y4,focus,1638,on,1595430384772
debugR2K9W7:debug6H490C,initialized,0,,1595443327298
debugR2K9W7:debug6H490C,window_resize,0,"[1024, 767]",1595443327298
debugHNGRIW:debug4YWWEL,initialized,0,,1595445979262
debugHNGRIW:debug4YWWEL,window_resize,0,"[1024, 767]",1595445979262
debugHNGRIW:debug4YWWEL,window_resize,169105,"[1323, 767]",1595446148367
debugHNGRIW:debug4YWWEL,window_resize,3283,"[939, 767]",1595446151650
debugHNGRIW:debug4YWWEL,window_resize,3073,"[565, 767]",1595446154723
debugHNGRIW:debug4YWWEL,window_resize,3177,"[185, 767]",1595446157900
debugHNGRIW:debug4YWWEL,window_resize,3523,"[1194, 767]",1595446161423
debugHNGRIW:debug4YWWEL,window_resize,1709,"[1440, 767]",1595446163132
debugHNGRIW:debug4YWWEL,window_resize,2901,"[915, 767]",1595446166033
debugHNGRIW:debug4YWWEL,window_resize,2251,"[1440, 767]",1595446168284
debugHNGRIW:debug4YWWEL,window_resize,2592,"[896, 767]",1595446170876
debugHNGRIW:debug4YWWEL,window_resize,2900,"[1195, 656]",1595446173776
debugTCAIDL:debugIWLYSR,initialized,0,,1595449101183
debugTCAIDL:debugIWLYSR,window_resize,0,"[1024, 767]",1595449101183
debug7LQTSN:debugXB5P2A,initialized,0,,1595452949625
debug7LQTSN:debugXB5P2A,window_resize,0,"[1024, 767]",1595452949625
debugFR78UD:debugHBU2SD,initialized,0,,1595458819512
debugFR78UD:debugHBU2SD,window_resize,0,"[1024, 767]",1595458819512
debugFR78UD:debugHBU2SD,focus,2371,off,1595458821883
debugFR78UD:debugHBU2SD,focus,2586,on,1595458824469
debugFR78UD:debugHBU2SD,focus,286253,off,1595459110722
debugFR78UD:debugHBU2SD,focus,1700,on,1595459112422
debugFR78UD:debugHBU2SD,focus,5539,off,1595459117961
debugFR78UD:debugHBU2SD,focus,2366,on,1595459120327
debugFR78UD:debugHBU2SD,focus,934,off,1595459121261
debugFR78UD:debugHBU2SD,focus,12404,on,1595459133665
debugFR78UD:debugHBU2SD,focus,25586,off,1595459159251
debugFR78UD:debugHBU2SD,focus,85624,on,1595459244875
debugFR78UD:debugHBU2SD,focus,3937,off,1595459248812
debugFR78UD:debugHBU2SD,focus,1908,on,1595459250720
debugFR78UD:debugHBU2SD,window_resize,1963,"[1011, 767]",1595459252683
debugFR78UD:debugHBU2SD,window_resize,316,"[807, 767]",1595459252999
debugFR78UD:debugHBU2SD,window_resize,834,"[911, 767]",1595459253833
debugFR78UD:debugHBU2SD,window_resize,244,"[911, 767]",1595459254077
debugFR78UD:debugHBU2SD,focus,544,off,1595459254621
debugFR78UD:debugHBU2SD,focus,1606,on,1595459256227
debugFR78UD:debugHBU2SD,window_resize,4546,"[890, 767]",1595459260773
debugFR78UD:debugHBU2SD,window_resize,284,"[890, 767]",1595459261057
debugFR78UD:debugHBU2SD,focus,858,off,1595459261915
debugFR78UD:debugHBU2SD,focus,967,on,1595459262882
debugFR78UD:debugHBU2SD,focus,1547195,off,1595460810077
debugFR78UD:debugHBU2SD,focus,2597,on,1595460812674
debugFR78UD:debugHBU2SD,focus,4902648,off,1595465715322
debugFR78UD:debugHBU2SD,focus,2253,on,1595465717575
debugFR78UD:debugHBU2SD,focus,1761613,off,1595467479188
debugFR78UD:debugHBU2SD,focus,2714,on,1595467481902
debugFR78UD:debugHBU2SD,focus,415434,off,1595467897336
debugFR78UD:debugHBU2SD,focus,5549,on,1595467902885
debugFR78UD:debugHBU2SD,focus,2246,off,1595467905131
debugFR78UD:debugHBU2SD,focus,2272,on,1595467907403
debugFR78UD:debugHBU2SD,focus,160968,off,1595468068371
debugFR78UD:debugHBU2SD,focus,2377,on,1595468070748
debugFR78UD:debugHBU2SD,focus,305228,off,1595468375976
debugFR78UD:debugHBU2SD,focus,2576,on,1595468378552
debugFR78UD:debugHBU2SD,focus,13768032,off,1595482146584
debugFR78UD:debugHBU2SD,focus,2049,on,1595482148633
debugFR78UD:debugHBU2SD,focus,1777,off,1595482150410
debugFR78UD:debugHBU2SD,focus,5239,on,1595482155649
debugFR78UD:debugHBU2SD,window_resize,3619,"[827, 767]",1595482159268
debugFR78UD:debugHBU2SD,focus,48099,off,1595482207367
debugFR78UD:debugHBU2SD,focus,5366,on,1595482212733
debugFR78UD:debugHBU2SD,focus,294929,off,1595482507662
debugFR78UD:debugHBU2SD,focus,2988,on,1595482510650
debugFR78UD:debugHBU2SD,window_resize,51250,"[996, 767]",1595482561900
debugFR78UD:debugHBU2SD,focus,108872,off,1595482670772
debugFR78UD:debugHBU2SD,focus,3544,on,1595482674316
debugFR78UD:debugHBU2SD,focus,15204,off,1595482689520
debugFR78UD:debugHBU2SD,focus,1472,on,1595482690992
debugFR78UD:debugHBU2SD,focus,2092,off,1595482693084
debugFR78UD:debugHBU2SD,focus,20491,on,1595482713575
debugFR78UD:debugHBU2SD,focus,44313,off,1595482757888
debugFR78UD:debugHBU2SD,focus,1385,on,1595482759273
debugFR78UD:debugHBU2SD,window_resize,1629,"[802, 767]",1595482760902
debugFR78UD:debugHBU2SD,window_resize,250,"[789, 767]",1595482761152
debugFR78UD:debugHBU2SD,window_resize,333,"[788, 767]",1595482761485
debugFR78UD:debugHBU2SD,window_resize,8257,"[910, 767]",1595482769742
debugFR78UD:debugHBU2SD,window_resize,363,"[920, 767]",1595482770105
debugFR78UD:debugHBU2SD,focus,41963,off,1595482812068
debugFR78UD:debugHBU2SD,focus,374732,on,1595483186800
debugFR78UD:debugHBU2SD,focus,6667,off,1595483193467
debugFR78UD:debugHBU2SD,focus,39167096,on,1595522360563
debugFR78UD:debugHBU2SD,focus,470678,off,1595522831241
debugFR78UD:debugHBU2SD,focus,2280,on,1595522833521
debugFR78UD:debugHBU2SD,window_resize,6850,"[893, 767]",1595522840371
debugFR78UD:debugHBU2SD,window_resize,329,"[892, 767]",1595522840700
debugFR78UD:debugHBU2SD,focus,132649,off,1595522973349
debugFR78UD:debugHBU2SD,focus,2343,on,1595522975692
debugFR78UD:debugHBU2SD,focus,70911,off,1595523046603
debugFR78UD:debugHBU2SD,focus,2526,on,1595523049129
debugAP3TXZ:debugRVHA4D,initialized,0,,1595537246437
debugAP3TXZ:debugRVHA4D,window_resize,0,"[1024, 767]",1595537246437
debugAP3TXZ:debugRVHA4D,focus,7575,off,1595537254012
debugAP3TXZ:debugRVHA4D,focus,3330,on,1595537257342
debugAP3TXZ:debugRVHA4D,focus,108468,off,1595537365810
debugAP3TXZ:debugRVHA4D,focus,5091,on,1595537370901
debugAP3TXZ:debugRVHA4D,focus,81798,off,1595537452699
debugAP3TXZ:debugRVHA4D,focus,17167,on,1595537469866
debugSLA25P:debugP871MR,initialized,0,,1595648398315
debugSLA25P:debugP871MR,window_resize,0,"[1024, 767]",1595648398315
debugSLA25P:debugP871MR,focus,200949,off,1595648599264
debugSLA25P:debugP871MR,focus,2977,on,1595648602241
debugSLA25P:debugP871MR,window_resize,8316,"[936, 767]",1595648610557
debugSLA25P:debugP871MR,window_resize,1005,"[976, 767]",1595648611562
debugSLA25P:debugP871MR,focus,188118,off,1595648799680
debugSLA25P:debugP871MR,focus,2516,on,1595648802196
debugSLA25P:debugP871MR,window_resize,8716,"[896, 767]",1595648810912
debugSLA25P:debugP871MR,window_resize,943,"[697, 767]",1595648811855
debugSLA25P:debugP871MR,focus,8258,off,1595648820113
debugSLA25P:debugP871MR,focus,12060,on,1595648832173
debugSLA25P:debugP871MR,focus,104131,off,1595648936304
debugSLA25P:debugP871MR,focus,3089,on,1595648939393
debugSLA25P:debugP871MR,window_resize,8707,"[972, 767]",1595648948100
debugSLA25P:debugP871MR,window_resize,645,"[831, 767]",1595648948745
debugSLA25P:debugP871MR,focus,96280,off,1595649045025
debugSLA25P:debugP871MR,focus,969,on,1595649045994
debugSLA25P:debugP871MR,focus,400,off,1595649046394
debugSLA25P:debugP871MR,focus,505,on,1595649046899
debugSLA25P:debugP871MR,focus,2388,off,1595649049287
debugSLA25P:debugP871MR,focus,2252,on,1595649051539
debugSLA25P:debugP871MR,focus,39566,off,1595649091105
debugSLA25P:debugP871MR,focus,1831,on,1595649092936
debugSLA25P:debugP871MR,focus,1345,off,1595649094281
debugSLA25P:debugP871MR,focus,1502,on,1595649095783
debugSLA25P:debugP871MR,window_resize,1637,"[932, 767]",1595649097420
debugSLA25P:debugP871MR,window_resize,274,"[902, 767]",1595649097694
debugSLA25P:debugP871MR,window_resize,256,"[782, 767]",1595649097950
debugSLA25P:debugP871MR,window_resize,701,"[781, 767]",1595649098651
debugSLA25P:debugP871MR,focus,893046,off,1595649991697
debugSLA25P:debugP871MR,focus,20531,on,1595650012228
debugSLA25P:debugP871MR,focus,4199,off,1595650016427
debugSLA25P:debugP871MR,focus,86,on,1595650016513
debugSLA25P:debugP871MR,focus,416,off,1595650016929
debugSLA25P:debugP871MR,focus,22811,on,1595650039740
debugSLA25P:debugP871MR,window_resize,26067,"[954, 767]",1595650065807
debugSLA25P:debugP871MR,window_resize,928,"[866, 767]",1595650066735
debugSLA25P:debugP871MR,window_resize,226,"[865, 767]",1595650066961
debugK67ZWU:debugPZSVWN,initialized,0,,1595657521583
debugK67ZWU:debugPZSVWN,window_resize,0,"[1024, 767]",1595657521583
debugK67ZWU:debugPZSVWN,focus,4091,off,1595657525674
debugK67ZWU:debugPZSVWN,focus,1328,on,1595657527002
debugK67ZWU:debugPZSVWN,focus,35240,off,1595657562242
debugK67ZWU:debugPZSVWN,focus,905,on,1595657563147
debugK67ZWU:debugPZSVWN,window_resize,1572,"[778, 767]",1595657564719
debugK67ZWU:debugPZSVWN,focus,285031,off,1595657849750
debugK67ZWU:debugPZSVWN,focus,2815,on,1595657852565
debugK67ZWU:debugPZSVWN,window_resize,5204,"[707, 767]",1595657857769
debugK67ZWU:debugPZSVWN,window_resize,764,"[751, 767]",1595657858533
debugK67ZWU:debugPZSVWN,focus,353824,off,1595658212357
debugK67ZWU:debugPZSVWN,focus,62245,on,1595658274602
debugK67ZWU:debugPZSVWN,window_resize,39103,"[929, 767]",1595658313705
debugK67ZWU:debugPZSVWN,window_resize,782,"[689, 767]",1595658314487
debugK67ZWU:debugPZSVWN,focus,235633,off,1595658550120
debugK67ZWU:debugPZSVWN,focus,2455,on,1595658552575
debugK67ZWU:debugPZSVWN,focus,25578,off,1595658578153
debugK67ZWU:debugPZSVWN,focus,1681,on,1595658579834
debugK67ZWU:debugPZSVWN,window_resize,9090,"[781, 767]",1595658588924
debugK67ZWU:debugPZSVWN,window_resize,403637,"[779, 767]",1595658992561
debugK67ZWU:debugPZSVWN,window_resize,377,"[781, 767]",1595658992938
debugK67ZWU:debugPZSVWN,window_resize,148929,"[784, 767]",1595659141867
debugK67ZWU:debugPZSVWN,window_resize,240,"[784, 767]",1595659142107
debugK67ZWU:debugPZSVWN,window_resize,252,"[783, 767]",1595659142359
debugK67ZWU:debugPZSVWN,focus,58983,off,1595659201342
debugK67ZWU:debugPZSVWN,focus,2458,on,1595659203800
debugK67ZWU:debugPZSVWN,focus,10287,off,1595659214087
debugK67ZWU:debugPZSVWN,focus,875,on,1595659214962
debugK67ZWU:debugPZSVWN,focus,215392,off,1595659430354
debugK67ZWU:debugPZSVWN,focus,1856,on,1595659432210
debugK67ZWU:debugPZSVWN,focus,963000,off,1595660395210
debugK67ZWU:debugPZSVWN,focus,2254,on,1595660397464
debugK67ZWU:debugPZSVWN,focus,149330,off,1595660546794
debugK67ZWU:debugPZSVWN,focus,1909,on,1595660548703
debugPJQ0BG:debugGDIJ6F,initialized,0,,1595660886324
debugPJQ0BG:debugGDIJ6F,window_resize,0,"[1024, 767]",1595660886324
debugPJQ0BG:debugGDIJ6F,focus,1999,off,1595660888323
debugPJQ0BG:debugGDIJ6F,focus,2199,on,1595660890522
debugPJQ0BG:debugGDIJ6F,window_resize,340414,"[739, 767]",1595661230936
debugPJQ0BG:debugGDIJ6F,focus,430,off,1595661231366
debugPJQ0BG:debugGDIJ6F,focus,3255,on,1595661234621
debugPJQ0BG:debugGDIJ6F,window_resize,803,"[921, 767]",1595661235424
debugPJQ0BG:debugGDIJ6F,focus,311279,off,1595661546703
debugPJQ0BG:debugGDIJ6F,focus,2799,on,1595661549502
debugPJQ0BG:debugGDIJ6F,focus,109070,off,1595661658572
debugPJQ0BG:debugGDIJ6F,focus,2171,on,1595661660743
debugQVMECM:debugQ75UKA,initialized,0,,1595675190900
debugQVMECM:debugQ75UKA,window_resize,0,"[1024, 767]",1595675190900
debugQVMECM:debugQ75UKA,focus,833265,off,1595676024165
debugQVMECM:debugQ75UKA,focus,2001,on,1595676026166
debugQVMECM:debugQ75UKA,focus,12122,off,1595676038288
debugQVMECM:debugQ75UKA,focus,3684,on,1595676041972
debugS9L9BB:debug8IU41E,initialized,0,,1595809727739
debugS9L9BB:debug8IU41E,window_resize,0,"[1024, 767]",1595809727739
debugEUERNJ:debugR4Z5ZR,initialized,0,,1595810303575
debugEUERNJ:debugR4Z5ZR,window_resize,0,"[1024, 767]",1595810303575
debug77A3D8:debugF3M5TJ,initialized,0,,1595810415887
debug77A3D8:debugF3M5TJ,window_resize,0,"[1024, 767]",1595810415887
debugI659C2:debugZPILTH,initialized,0,,1595814010845
debugI659C2:debugZPILTH,window_resize,0,"[1024, 767]",1595814010845
debugNNVOJR:debug91Q2OS,initialized,0,,1595816028564
debugNNVOJR:debug91Q2OS,window_resize,0,"[1024, 767]",1595816028564
debugNNVOJR:debug91Q2OS,focus,3375822,off,1595819404386
debugNNVOJR:debug91Q2OS,focus,1623,on,1595819406009
debugNNVOJR:debug91Q2OS,focus,899978,off,1595820305987
debugNNVOJR:debug91Q2OS,focus,2002,on,1595820307989
debugNNVOJR:debug91Q2OS,focus,160286,off,1595820468275
debugNNVOJR:debug91Q2OS,focus,2884,on,1595820471159
debugNNVOJR:debug91Q2OS,window_resize,767070,"[928, 767]",1595821238229
debugNNVOJR:debug91Q2OS,window_resize,432,"[587, 767]",1595821238661
debugNNVOJR:debug91Q2OS,focus,3088624,off,1595824327285
debugNNVOJR:debug91Q2OS,focus,2304,on,1595824329589
debugNNVOJR:debug91Q2OS,focus,1394385,off,1595825723974
debugNNVOJR:debug91Q2OS,focus,5296,on,1595825729270
debugNNVOJR:debug91Q2OS,focus,1577518,off,1595827306788
debugNNVOJR:debug91Q2OS,focus,2738,on,1595827309526
debugNNVOJR:debug91Q2OS,focus,2966831,off,1595830276357
debugNNVOJR:debug91Q2OS,focus,1995,on,1595830278352
debugNNVOJR:debug91Q2OS,focus,19378,off,1595830297730
debugNNVOJR:debug91Q2OS,focus,2371,on,1595830300101
debugNNVOJR:debug91Q2OS,focus,46512502,off,1595876812603
debugNNVOJR:debug91Q2OS,focus,581,on,1595876813184
debug8ZX7SV:debugMLLUS5,initialized,0,,1595881764897
debug8ZX7SV:debugMLLUS5,window_resize,0,"[1024, 767]",1595881764897
debug8ZX7SV:debugMLLUS5,focus,299200,off,1595882064097
debug8ZX7SV:debugMLLUS5,focus,1484,on,1595882065581
debug8ZX7SV:debugMLLUS5,focus,12196742,off,1595894262323
debug8ZX7SV:debugMLLUS5,focus,2182,on,1595894264505
debug8ZX7SV:debugMLLUS5,focus,1597343,off,1595895861848
debug8ZX7SV:debugMLLUS5,focus,2361,on,1595895864209
debug8ZX7SV:debugMLLUS5,focus,830954,off,1595896695163
debug8ZX7SV:debugMLLUS5,focus,2143,on,1595896697306
debug8ZX7SV:debugMLLUS5,focus,31287,off,1595896728593
debug8ZX7SV:debugMLLUS5,focus,1684,on,1595896730277
debug8ZX7SV:debugMLLUS5,focus,885018,off,1595897615295
debug8ZX7SV:debugMLLUS5,focus,1463,on,1595897616758
debug8ZX7SV:debugMLLUS5,focus,363451,off,1595897980209
debug8ZX7SV:debugMLLUS5,focus,3746,on,1595897983955
debug8ZX7SV:debugMLLUS5,focus,556809,off,1595898540764
debug8ZX7SV:debugMLLUS5,focus,1957,on,1595898542721
debug8ZX7SV:debugMLLUS5,focus,155149,off,1595898697870
debug8ZX7SV:debugMLLUS5,focus,2575,on,1595898700445
debug8ZX7SV:debugMLLUS5,focus,2073139,off,1595900773584
debug8ZX7SV:debugMLLUS5,focus,3036,on,1595900776620
debug8ZX7SV:debugMLLUS5,focus,425156,off,1595901201776
debug8ZX7SV:debugMLLUS5,focus,1077,on,1595901202853
debugA6TYAT:debug6D8ZE3,initialized,0,,1595987345319
debugA6TYAT:debug6D8ZE3,window_resize,0,"[1024, 767]",1595987345319
debugA6TYAT:debug6D8ZE3,focus,771251,off,1595988116570
debugA6TYAT:debug6D8ZE3,focus,1032,on,1595988117602
debugA6TYAT:debug6D8ZE3,focus,6132058,off,1595994249660
debugA6TYAT:debug6D8ZE3,focus,1485,on,1595994251145
debugA6TYAT:debug6D8ZE3,focus,51034,off,1595994302179
debugA6TYAT:debug6D8ZE3,focus,2816,on,1595994304995
debugVTUFZJ:debugJ8WB6U,initialized,0,,1595995773118
debugVTUFZJ:debugJ8WB6U,window_resize,0,"[1024, 767]",1595995773118
debugVTUFZJ:debugJ8WB6U,focus,673091,off,1595996446209
debugVTUFZJ:debugJ8WB6U,focus,1007,on,1595996447216
debugVTUFZJ:debugJ8WB6U,focus,1013,off,1595996448229
debugVTUFZJ:debugJ8WB6U,focus,1042,on,1595996449271
debugVTUFZJ:debugJ8WB6U,window_resize,3476,"[702, 767]",1595996452747
debugVTUFZJ:debugJ8WB6U,focus,524,off,1595996453271
debugVTUFZJ:debugJ8WB6U,focus,3191,on,1595996456462
debugVTUFZJ:debugJ8WB6U,window_resize,1290,"[1024, 767]",1595996457752
debugVTUFZJ:debugJ8WB6U,focus,49740,off,1595996507492
debugVTUFZJ:debugJ8WB6U,focus,8435,on,1595996515927
debugVTUFZJ:debugJ8WB6U,focus,13943080,off,1596010459007
debugVTUFZJ:debugJ8WB6U,focus,2956,on,1596010461963
debugVTUFZJ:debugJ8WB6U,focus,4550538,off,1596015012501
debugVTUFZJ:debugJ8WB6U,focus,2682,on,1596015015183
debugUJH7KG:debug0J798A,initialized,0,,1596010641096
debugUJH7KG:debug0J798A,window_resize,0,"[1024, 767]",1596010641096
debugUJH7KG:debug0J798A,focus,584452,off,1596011225548
debugUJH7KG:debug0J798A,focus,7148,on,1596011232696
debugUJH7KG:debug0J798A,focus,1042615,off,1596012275311
debugUJH7KG:debug0J798A,focus,2348,on,1596012277659
debugUJH7KG:debug0J798A,focus,44611,off,1596012322270
debugUJH7KG:debug0J798A,focus,11436,on,1596012333706
debugUJH7KG:debug0J798A,focus,1732,off,1596012335438
debugUJH7KG:debug0J798A,focus,10228,on,1596012345666
debugUJH7KG:debug0J798A,focus,8118,off,1596012353784
debugUJH7KG:debug0J798A,focus,105689,on,1596012459473
debugUJH7KG:debug0J798A,focus,1020455,off,1596013479928
debugUJH7KG:debug0J798A,focus,2279,on,1596013482207
debugTDNKPX:debug65CA35,initialized,0,,1596017084225
debugTDNKPX:debug65CA35,window_resize,0,"[1024, 767]",1596017084225
debugK97PD0:debugTYEQUG,initialized,0,,1596044140565
debugK97PD0:debugTYEQUG,window_resize,0,"[1024, 767]",1596044140565
debugK97PD0:debugTYEQUG,focus,2805829,off,1596046946394
debugK97PD0:debugTYEQUG,focus,1933,on,1596046948327
debugK97PD0:debugTYEQUG,focus,1954756,off,1596048903083
debugK97PD0:debugTYEQUG,focus,2417,on,1596048905500
debugK97PD0:debugTYEQUG,focus,1162,off,1596048906662
debugK97PD0:debugTYEQUG,focus,1263,on,1596048907925
debug74A9O4:debug36GUG7,initialized,0,,1596052433485
debug74A9O4:debug36GUG7,window_resize,0,"[1024, 767]",1596052433485
debugFA9WT8:debug1WXB33,initialized,0,,1596054388534
debugFA9WT8:debug1WXB33,window_resize,0,"[1024, 767]",1596054388534
debugFA9WT8:debug1WXB33,focus,2267764,off,1596056656298
debugFA9WT8:debug1WXB33,focus,2555,on,1596056658853
debug5E3F00:debug5GOEBA,initialized,0,,1596062478926
debug5E3F00:debug5GOEBA,window_resize,0,"[1024, 767]",1596062478926
debug5E3F00:debug5GOEBA,focus,791257,off,1596063270183
debug5E3F00:debug5GOEBA,focus,1074,on,1596063271257
debug5E3F00:debug5GOEBA,focus,99418,off,1596063370675
debug5E3F00:debug5GOEBA,focus,2706,on,1596063373381
debug5E3F00:debug5GOEBA,window_resize,6459,"[834, 767]",1596063379840
debug5E3F00:debug5GOEBA,focus,144691,off,1596063524531
debug5E3F00:debug5GOEBA,focus,1865,on,1596063526396
debug5E3F00:debug5GOEBA,focus,1041,off,1596063527437
debug5E3F00:debug5GOEBA,focus,1217,on,1596063528654
debug5E3F00:debug5GOEBA,focus,11295786,off,1596074824440
debug5E3F00:debug5GOEBA,focus,1911,on,1596074826351
debug5E3F00:debug5GOEBA,focus,1038717,off,1596075865068
debug5E3F00:debug5GOEBA,focus,2753,on,1596075867821
debug5E3F00:debug5GOEBA,focus,34978,off,1596075902799
debug5E3F00:debug5GOEBA,focus,2248,on,1596075905047
debugAYQS2I:debugL2T4RS,initialized,0,,1596147748180
debugAYQS2I:debugL2T4RS,window_resize,0,"[1024, 767]",1596147748180
debugAYQS2I:debugL2T4RS,focus,1831266,off,1596149579446
debugAYQS2I:debugL2T4RS,focus,2203,on,1596149581649
debugAYQS2I:debugL2T4RS,focus,1131012,off,1596150712661
debugAYQS2I:debugL2T4RS,focus,2231,on,1596150714892
debugAYQS2I:debugL2T4RS,focus,1425084,off,1596152139976
debugAYQS2I:debugL2T4RS,focus,1279,on,1596152141255
debugAYQS2I:debugL2T4RS,focus,53074,off,1596152194329
debugAYQS2I:debugL2T4RS,focus,2723,on,1596152197052
debugAYQS2I:debugL2T4RS,focus,19775,off,1596152216827
debugAYQS2I:debugL2T4RS,focus,2660,on,1596152219487
debugAYQS2I:debugL2T4RS,focus,1966479,off,1596154185966
debugAYQS2I:debugL2T4RS,focus,2385,on,1596154188351
debugAYQS2I:debugL2T4RS,focus,72988,off,1596154261339
debugAYQS2I:debugL2T4RS,focus,3045,on,1596154264384
debugAYQS2I:debugL2T4RS,focus,15981035,off,1596170245419
debugAYQS2I:debugL2T4RS,focus,2760,on,1596170248179
debugAYQS2I:debugL2T4RS,focus,932490,off,1596171180669
debugAYQS2I:debugL2T4RS,focus,6553,on,1596171187222
debug614VFM:debugN45DKB,initialized,0,,1596187402871
debug614VFM:debugN45DKB,window_resize,0,"[1024, 767]",1596187402871
debugNX5ZMA:debugCFM9G2,initialized,0,,1596187568943
debugNX5ZMA:debugCFM9G2,window_resize,0,"[1024, 767]",1596187568943
debugNX5ZMA:debugCFM9G2,window_resize,427871,"[808, 767]",1596187996814
debugNX5ZMA:debugCFM9G2,window_resize,811,"[810, 767]",1596187997625
debugNX5ZMA:debugCFM9G2,focus,1629123,off,1596189626748
debugNX5ZMA:debugCFM9G2,focus,6160,on,1596189632908
